"ID","Description","GeneRatio","BgRatio","pvalue","p.adjust","qvalue","geneID","Count"
"GO:0042110","T cell activation","59/509","464/18670",2.86122255025367e-23,1.11759352812908e-19,9.66490859343581e-20,"IRF4/BTLA/TREML2/SLAMF6/LAX1/TNFSF11/MYB/IL21/CTLA4/FUT7/CAMK4/IFNL1/TNFSF8/TNFSF9/RHOH/GPR18/CARD11/CLECL1/IL7R/ITK/SIT1/SIRPG/PLA2G2D/TESPA1/CORO1A/EOMES/TIGIT/LY9/ICOS/PLA2G2F/SASH3/CD27/WAS/TMIGD2/LCK/CCDC88B/CCR9/PDCD1/CD28/CD5/RIPOR2/IL23R/AIRE/IL12RB1/DOCK2/CD40LG/RUNX3/CCR6/KLRC4-KLRK1/CD3E/CD3G/CD6/CD2/VAV1/RASAL3/ITGAL/CCR7/HHLA2/IL6",59
"GO:0030098","lymphocyte differentiation","49/509","353/18670",4.13113932148077e-21,8.06811509485194e-18,6.97727688559568e-18,"AICDA/CD79A/CD19/IRF4/FCRL3/CD79B/SLAMF6/MS4A1/MYB/CTLA4/POU2F2/C17orf99/FUT7/CR2/CAMK4/IFNL1/IKZF1/TNFSF8/TNFSF9/BTK/RHOH/IKZF3/GPR18/CARD11/IL7R/ITK/PLA2G2D/TESPA1/EOMES/LY9/SASH3/CD27/LCK/CCR9/CD28/IL23R/AIRE/IL12RB1/DOCK2/CD40LG/RUNX3/CCR6/CD3E/CD3G/CD2/VAV1/INPP5D/CCR7/IL6",49
"GO:0050863","regulation of T cell activation","44/509","314/18670",3.23402470334099e-19,4.21070016374996e-16,3.64139834141096e-16,"IRF4/BTLA/LAX1/TNFSF11/MYB/IL21/CTLA4/CAMK4/IFNL1/TNFSF8/TNFSF9/CARD11/CLECL1/IL7R/SIT1/SIRPG/PLA2G2D/TESPA1/CORO1A/TIGIT/ICOS/PLA2G2F/SASH3/CD27/TMIGD2/LCK/CCDC88B/PDCD1/CD28/CD5/RIPOR2/IL23R/IL12RB1/CD40LG/RUNX3/KLRC4-KLRK1/CD3E/CD6/CD2/VAV1/RASAL3/CCR7/HHLA2/IL6",44
"GO:0051249","regulation of lymphocyte activation","54/509","485/18670",1.0806070470822e-18,1.05521278147577e-15,9.12544214233365e-16,"TNFRSF13B/CD19/IRF4/BTLA/FCRL3/IGLL5/LAX1/TNFSF11/MYB/IL21/CTLA4/CAMK4/IFNL1/MZB1/TNFSF8/TNFSF9/BTK/IKZF3/CARD11/CLECL1/IL7R/SIT1/SIRPG/PLA2G2D/TESPA1/CORO1A/TIGIT/ICOS/PLA2G2F/SASH3/CD27/TMIGD2/LCK/CCDC88B/PDCD1/CD28/CD5/IGLL1/RIPOR2/IL23R/IL12RB1/CD40LG/RUNX3/KLRC4-KLRK1/CD3E/CD6/CD2/VAV1/INPP5D/RASAL3/CCR7/HHLA2/IL6/TAC1",54
"GO:0050870","positive regulation of T cell activation","33/509","202/18670",1.03619602734719e-16,8.09297542178955e-14,6.99877600682422e-14,"BTLA/TNFSF11/MYB/IL21/CTLA4/TNFSF9/CARD11/CLECL1/IL7R/SIRPG/TESPA1/CORO1A/ICOS/SASH3/CD27/TMIGD2/LCK/CCDC88B/PDCD1/CD28/CD5/IL23R/IL12RB1/CD40LG/RUNX3/KLRC4-KLRK1/CD3E/CD6/VAV1/RASAL3/CCR7/HHLA2/IL6",33
"GO:1903037","regulation of leukocyte cell-cell adhesion","40/509","304/18670",1.34997270204844e-16,8.09297542178955e-14,6.99877600682422e-14,"BTLA/LAX1/TNFSF11/MYB/IL21/CTLA4/TNF/IFNL1/TNFSF9/CARD11/CLECL1/IL7R/SIRPG/PLA2G2D/TESPA1/CORO1A/TIGIT/ICOS/PLA2G2F/SASH3/CD27/TMIGD2/LCK/CCDC88B/PDCD1/CD28/CD5/RIPOR2/IL23R/IL12RB1/CD40LG/RUNX3/KLRC4-KLRK1/CD3E/CD6/VAV1/RASAL3/CCR7/HHLA2/IL6",40
"GO:1903039","positive regulation of leukocyte cell-cell adhesion","34/509","218/18670",1.51958616901006e-16,8.09297542178955e-14,6.99877600682422e-14,"BTLA/TNFSF11/MYB/IL21/CTLA4/TNF/TNFSF9/CARD11/CLECL1/IL7R/SIRPG/TESPA1/CORO1A/ICOS/SASH3/CD27/TMIGD2/LCK/CCDC88B/PDCD1/CD28/CD5/IL23R/IL12RB1/CD40LG/RUNX3/KLRC4-KLRK1/CD3E/CD6/VAV1/RASAL3/CCR7/HHLA2/IL6",34
"GO:0007159","leukocyte cell-cell adhesion","42/509","337/18670",1.65754744941926e-16,8.09297542178955e-14,6.99877600682422e-14,"BTLA/LAX1/TNFSF11/MYB/IL21/CTLA4/SELL/TNF/IFNL1/TNFSF9/CARD11/CLECL1/IL7R/SIRPG/PLA2G2D/TESPA1/CORO1A/TIGIT/ICOS/PLA2G2F/SASH3/CD27/TMIGD2/LCK/CCDC88B/PDCD1/CD28/CD5/RIPOR2/IL23R/IL12RB1/CD40LG/RUNX3/KLRC4-KLRK1/CD3E/CD6/VAV1/RASAL3/ITGAL/CCR7/HHLA2/IL6",42
"GO:0030217","T cell differentiation","35/509","240/18670",4.61098905773788e-16,1.76481152174304e-13,1.52620264997801e-13,"IRF4/SLAMF6/MYB/CTLA4/FUT7/CAMK4/IFNL1/TNFSF8/TNFSF9/RHOH/GPR18/CARD11/IL7R/ITK/PLA2G2D/TESPA1/EOMES/LY9/SASH3/CD27/LCK/CCR9/CD28/IL23R/AIRE/IL12RB1/DOCK2/RUNX3/CCR6/CD3E/CD3G/CD2/VAV1/CCR7/IL6",35
"GO:0002696","positive regulation of leukocyte activation","44/509","380/18670",4.86596823337202e-16,1.76481152174304e-13,1.52620264997801e-13,"STAP1/MIR142/BTLA/FCRL3/IGLL5/TNFSF11/MYB/IL21/CTLA4/TNFSF9/BTK/CARD11/CLECL1/IL7R/TLR6/SIRPG/TESPA1/CORO1A/ICOS/SASH3/CD27/TMIGD2/LCK/CCDC88B/PDCD1/CD28/CD5/IGLL1/IL23R/IL12RB1/CD40LG/RUNX3/KLRC4-KLRK1/CD3E/CD6/CD2/VAV1/INPP5D/RASAL3/CCR7/HHLA2/MMP8/IL6/TAC1",44
"GO:0022409","positive regulation of cell-cell adhesion","36/509","255/18670",4.97002732697733e-16,1.76481152174304e-13,1.52620264997801e-13,"RNASE10/BTLA/TNFSF11/MYB/IL21/CTLA4/CXCL13/TNF/TNFSF9/CARD11/CLECL1/IL7R/SIRPG/TESPA1/CORO1A/ICOS/SASH3/CD27/TMIGD2/LCK/CCDC88B/PDCD1/CD28/CD5/IL23R/IL12RB1/CD40LG/RUNX3/KLRC4-KLRK1/CD3E/CD6/VAV1/RASAL3/CCR7/HHLA2/IL6",36
"GO:0050867","positive regulation of cell activation","44/509","394/18670",1.85298339449919e-15,6.03146094909485e-13,5.21598571311218e-13,"STAP1/MIR142/BTLA/FCRL3/IGLL5/TNFSF11/MYB/IL21/CTLA4/TNFSF9/BTK/CARD11/CLECL1/IL7R/TLR6/SIRPG/TESPA1/CORO1A/ICOS/SASH3/CD27/TMIGD2/LCK/CCDC88B/PDCD1/CD28/CD5/IGLL1/IL23R/IL12RB1/CD40LG/RUNX3/KLRC4-KLRK1/CD3E/CD6/CD2/VAV1/INPP5D/RASAL3/CCR7/HHLA2/MMP8/IL6/TAC1",44
"GO:0046651","lymphocyte proliferation","36/509","272/18670",3.91958993368223e-15,1.17768602161252e-12,1.01845863135112e-12,"CD79A/TNFRSF13B/CD19/CD180/FCRL3/MS4A1/IL21/CTLA4/CR2/MZB1/TNFSF8/TNFSF9/BTK/IKZF3/GAPT/CARD11/CLECL1/IL7R/PLA2G2D/CORO1A/PLA2G2F/SASH3/TMIGD2/CCDC88B/CD28/IL23R/IL12RB1/DOCK2/CD40LG/CD3E/CD6/INPP5D/RASAL3/HHLA2/IL6/TAC1",36
"GO:0022407","regulation of cell-cell adhesion","44/509","403/18670",4.23352253018617e-15,1.18115278592194e-12,1.02145667664417e-12,"RNASE10/BTLA/LAX1/TNFSF11/MYB/IL21/CTLA4/CXCL13/TNF/IFNL1/TNFSF9/CARD11/CLECL1/IL7R/SIRPG/PLA2G2D/TESPA1/CORO1A/TIGIT/ICOS/PLA2G2F/SASH3/CD27/TMIGD2/LCK/CCDC88B/PDCD1/CD28/CD5/RIPOR2/TNR/IL23R/IL12RB1/CD40LG/RUNX3/KLRC4-KLRK1/CD3E/CD6/VAV1/RASAL3/CCR7/HHLA2/IL6/ADIPOQ",44
"GO:0032943","mononuclear cell proliferation","36/509","274/18670",4.94253072366076e-15,1.28703500044126e-12,1.11302323454227e-12,"CD79A/TNFRSF13B/CD19/CD180/FCRL3/MS4A1/IL21/CTLA4/CR2/MZB1/TNFSF8/TNFSF9/BTK/IKZF3/GAPT/CARD11/CLECL1/IL7R/PLA2G2D/CORO1A/PLA2G2F/SASH3/TMIGD2/CCDC88B/CD28/IL23R/IL12RB1/DOCK2/CD40LG/CD3E/CD6/INPP5D/RASAL3/HHLA2/IL6/TAC1",36
"GO:0070661","leukocyte proliferation","37/509","298/18670",1.26133089191613e-14,3.07922403989025e-12,2.66290186326241e-12,"CD79A/TNFRSF13B/CD19/CD180/FCRL3/MS4A1/TNFSF11/IL21/CTLA4/CR2/MZB1/TNFSF8/TNFSF9/BTK/IKZF3/GAPT/CARD11/CLECL1/IL7R/PLA2G2D/CORO1A/PLA2G2F/SASH3/TMIGD2/CCDC88B/CD28/IL23R/IL12RB1/DOCK2/CD40LG/CD3E/CD6/INPP5D/RASAL3/HHLA2/IL6/TAC1",37
"GO:0051251","positive regulation of lymphocyte activation","39/509","334/18670",1.83043791206139e-14,4.20570028500693e-12,3.63707446427554e-12,"BTLA/FCRL3/IGLL5/TNFSF11/MYB/IL21/CTLA4/TNFSF9/BTK/CARD11/CLECL1/IL7R/SIRPG/TESPA1/CORO1A/ICOS/SASH3/CD27/TMIGD2/LCK/CCDC88B/PDCD1/CD28/CD5/IGLL1/IL23R/IL12RB1/CD40LG/RUNX3/KLRC4-KLRK1/CD3E/CD6/VAV1/INPP5D/RASAL3/CCR7/HHLA2/IL6/TAC1",39
"GO:0050900","leukocyte migration","48/509","499/18670",3.07185280473791e-14,6.66592058628126e-12,5.76466412304325e-12,"GPR15/STAP1/VPREB1/VPREB3/GYPB/IL17A/CXCR5/GYPA/FCAMR/TNFSF11/CNR2/CXCL13/SELL/TNF/FUT7/XCL2/CCL22/GPR18/SIRPG/CORO1A/CD84/CXCR4/LCK/IGLL1/RIPOR2/MCOLN2/CD48/AIRE/JCHAIN/CCR6/KLRC4-KLRK1/CCL1/CXCR3/CD2/VAV1/INPP5D/ITGAL/CCR7/SCG2/IL36B/CCL7/THBS4/IL6/CYP19A1/SLC7A11/CEACAM5/CHGA/CALCA",48
"GO:0050851","antigen receptor-mediated signaling pathway","35/509","316/18670",1.97804896058607e-12,4.06645223160484e-10,3.51665324904194e-10,"PAX5/BLK/STAP1/CD79A/CD19/FCRL3/CD79B/MS4A1/IGLL5/BTN1A1/LAX1/PRKCB/CTLA4/KCNN4/HLA-DQA2/BTK/CARD11/KLHL6/ITK/TXK/TESPA1/UBASH3A/TRAT1/WAS/LCK/CD28/IGLL1/CD247/PSMA8/LAT2/CD3E/CD3G/INPP5D/CCR7/HHLA2",35
"GO:0050670","regulation of lymphocyte proliferation","28/509","208/18670",3.13427160673393e-12,6.12123244795136e-10,5.29361978211009e-10,"TNFRSF13B/FCRL3/IL21/CTLA4/MZB1/TNFSF8/TNFSF9/BTK/IKZF3/CARD11/CLECL1/PLA2G2D/CORO1A/PLA2G2F/SASH3/TMIGD2/CCDC88B/CD28/IL23R/IL12RB1/CD40LG/CD3E/CD6/INPP5D/RASAL3/HHLA2/IL6/TAC1",28
"GO:0032944","regulation of mononuclear cell proliferation","28/509","209/18670",3.52871295126789e-12,6.56340608935828e-10,5.67600995519732e-10,"TNFRSF13B/FCRL3/IL21/CTLA4/MZB1/TNFSF8/TNFSF9/BTK/IKZF3/CARD11/CLECL1/PLA2G2D/CORO1A/PLA2G2F/SASH3/TMIGD2/CCDC88B/CD28/IL23R/IL12RB1/CD40LG/CD3E/CD6/INPP5D/RASAL3/HHLA2/IL6/TAC1",28
"GO:0070663","regulation of leukocyte proliferation","28/509","222/18670",1.54483165902235e-11,2.74277839097333e-09,2.37194487741758e-09,"TNFRSF13B/FCRL3/IL21/CTLA4/MZB1/TNFSF8/TNFSF9/BTK/IKZF3/CARD11/CLECL1/PLA2G2D/CORO1A/PLA2G2F/SASH3/TMIGD2/CCDC88B/CD28/IL23R/IL12RB1/CD40LG/CD3E/CD6/INPP5D/RASAL3/HHLA2/IL6/TAC1",28
"GO:0031295","T cell costimulation","15/509","56/18670",1.61952293133736e-11,2.7503724216538e-09,2.37851216780851e-09,"BTLA/CTLA4/CARD11/ICOS/TMIGD2/LCK/PDCD1/CD28/CD5/CD40LG/KLRC4-KLRK1/CD3E/VAV1/CCR7/HHLA2",15
"GO:0031294","lymphocyte costimulation","15/509","57/18670",2.14348293439784e-11,3.48851847573248e-09,3.01685821775556e-09,"BTLA/CTLA4/CARD11/ICOS/TMIGD2/LCK/PDCD1/CD28/CD5/CD40LG/KLRC4-KLRK1/CD3E/VAV1/CCR7/HHLA2",15
"GO:0042113","B cell activation","33/509","310/18670",2.53558869776852e-11,3.96160378139354e-09,3.42598068679545e-09,"AICDA/FCRL1/CD79A/TNFRSF13B/CD19/CD180/FCRL3/CXCR5/CD79B/MS4A1/IGLL5/LAX1/PRKCB/IL21/CTLA4/POU2F2/C17orf99/CR2/MZB1/BTK/IKZF3/GAPT/CARD11/IL7R/SASH3/CD27/CD28/IGLL1/LAT2/CD40LG/CCR6/INPP5D/IL6",33
"GO:0042100","B cell proliferation","18/509","95/18670",8.20209218680511e-11,1.23220661852541e-08,1.06560784726549e-08,"CD79A/TNFRSF13B/CD19/CD180/FCRL3/MS4A1/IL21/CTLA4/CR2/MZB1/BTK/IKZF3/GAPT/CARD11/IL7R/SASH3/CD40LG/INPP5D",18
"GO:0001819","positive regulation of cytokine production","40/509","464/18670",1.38760410905311e-10,2.00740061109683e-08,1.7359928210337e-08,"CSF2/IRF4/IL17A/AIM2/SLAMF6/MYB/IL21/TNF/HMHB1/IFNL1/ZBP1/CARD11/IL26/IRF8/LTB/TLR6/TXK/NLRP7/TIGIT/LY9/SASH3/TMIGD2/CCDC88B/CD28/MCOLN2/IL23R/IL12RB1/CD40LG/KLRC4-KLRK1/CD3E/CCL1/CD6/CD2/PYHIN1/CCR7/HHLA2/IL36B/MMP8/IL6/ADIPOQ",40
"GO:0045058","T cell selection","13/509","47/18670",2.3813158811444e-10,3.32193565419644e-08,2.87279799345578e-08,"IRF4/SLAMF6/CARD11/LY9/CD28/IL23R/AIRE/IL12RB1/DOCK2/CD3E/CD3G/CCR7/IL6",13
"GO:0045785","positive regulation of cell adhesion","36/509","403/18670",4.54346887485812e-10,6.11958256041235e-08,5.29219296530661e-08,"RNASE10/BTLA/TNFSF11/MYB/IL21/CTLA4/CXCL13/TNF/TNFSF9/CARD11/CLECL1/IL7R/SIRPG/TESPA1/CORO1A/ICOS/SASH3/CD27/TMIGD2/LCK/CCDC88B/PDCD1/CD28/CD5/IL23R/IL12RB1/CD40LG/RUNX3/KLRC4-KLRK1/CD3E/CD6/VAV1/RASAL3/CCR7/HHLA2/IL6",36
"GO:0042102","positive regulation of T cell proliferation","17/509","95/18670",7.01780903565332e-10,9.13718736442062e-08,7.90180673523211e-08,"IL21/TNFSF9/CARD11/CLECL1/CORO1A/SASH3/TMIGD2/CCDC88B/CD28/IL23R/IL12RB1/CD40LG/CD3E/CD6/RASAL3/HHLA2/IL6",17
"GO:0002429","immune response-activating cell surface receptor signaling pathway","39/509","473/18670",8.67209254278269e-10,1.09268366039062e-07,9.44948895408817e-08,"PAX5/BLK/STAP1/CD79A/CD19/FCRL3/CD79B/MS4A1/IGLL5/BTN1A1/LAX1/PRKCB/CTLA4/KCNN4/CR2/HLA-DQA2/BTK/CARD11/KLHL6/ITK/TXK/NCR3/TESPA1/UBASH3A/TRAT1/WAS/LCK/CD28/IGLL1/CD247/PSMA8/LAT2/KLRC4-KLRK1/CD3E/CD3G/VAV1/INPP5D/CCR7/HHLA2",39
"GO:0042129","regulation of T cell proliferation","21/509","156/18670",1.67189686002461e-09,2.04075910476753e-07,1.76484112625624e-07,"IL21/CTLA4/TNFSF8/TNFSF9/CARD11/CLECL1/PLA2G2D/CORO1A/PLA2G2F/SASH3/TMIGD2/CCDC88B/CD28/IL23R/IL12RB1/CD40LG/CD3E/CD6/RASAL3/HHLA2/IL6",21
"GO:1902105","regulation of leukocyte differentiation","28/509","272/18670",1.80486269374381e-09,2.13630111568585e-07,1.84746551330905e-07,"IRF4/IL17A/FCRL3/TNFSF11/MYB/CTLA4/GPR55/TNF/CAMK4/IFNL1/POU4F1/TNFSF9/BTK/IKZF3/CARD11/IL7R/EVI2B/TESPA1/SASH3/CD27/CD28/IL23R/IL12RB1/RUNX3/CD2/INPP5D/FSHB/ADIPOQ",28
"GO:0050671","positive regulation of lymphocyte proliferation","19/509","130/18670",2.47975207776644e-09,2.84879753404579e-07,2.46362985063545e-07,"FCRL3/IL21/TNFSF9/CARD11/CLECL1/CORO1A/SASH3/TMIGD2/CCDC88B/CD28/IL23R/IL12RB1/CD40LG/CD3E/CD6/RASAL3/HHLA2/IL6/TAC1",19
"GO:0030595","leukocyte chemotaxis","25/509","224/18670",2.57783881734196e-09,2.87686812015363e-07,2.4879051924362e-07,"STAP1/CXCR5/TNFSF11/CNR2/CXCL13/XCL2/CCL22/GPR18/CORO1A/CXCR4/RIPOR2/CCR6/KLRC4-KLRK1/CCL1/CXCR3/VAV1/CCR7/SCG2/IL36B/CCL7/THBS4/IL6/CYP19A1/CHGA/CALCA",25
"GO:0032946","positive regulation of mononuclear cell proliferation","19/509","131/18670",2.82821742823233e-09,3.06861590963208e-07,2.65372799040864e-07,"FCRL3/IL21/TNFSF9/CARD11/CLECL1/CORO1A/SASH3/TMIGD2/CCDC88B/CD28/IL23R/IL12RB1/CD40LG/CD3E/CD6/RASAL3/HHLA2/IL6/TAC1",19
"GO:0060326","cell chemotaxis","29/509","304/18670",5.3419800827864e-09,5.565165510745e-07,4.81273509687679e-07,"STAP1/CXCR5/TNFSF11/CNR2/CXCL13/XCL2/CCR4/CCL22/GPR18/CORO1A/CXCR4/CCR9/RIPOR2/CCR6/KLRC4-KLRK1/CCL1/CXCR3/VAV1/BIN2/CCR7/SCG2/IL36B/CCL7/THBS4/FGF16/IL6/CYP19A1/CHGA/CALCA",29
"GO:0032103","positive regulation of response to external stimulus","30/509","323/18670",5.41413951378161e-09,5.565165510745e-07,4.81273509687679e-07,"STAP1/CD180/MIR142/IL17A/TLR10/TNFSF11/IL21/CXCL13/TNF/XCL2/CCR4/BTK/TLR6/CXCR4/LY86/CD28/RIPOR2/CCR6/CCL1/CD6/CCR7/SCG2/KLK5/KLK7/CCL7/THBS4/MMP8/FGF16/IL6/TAC1",30
"GO:0042098","T cell proliferation","22/509","184/18670",6.54917637993314e-09,6.55925203590227e-07,5.67241754472482e-07,"IL21/CTLA4/TNFSF8/TNFSF9/CARD11/CLECL1/PLA2G2D/CORO1A/PLA2G2F/SASH3/TMIGD2/CCDC88B/CD28/IL23R/IL12RB1/DOCK2/CD40LG/CD3E/CD6/RASAL3/HHLA2/IL6",22
"GO:0046631","alpha-beta T cell activation","19/509","138/18670",6.85695091856878e-09,6.69581257198241e-07,5.79051460465453e-07,"IRF4/SLAMF6/MYB/FUT7/TNFSF8/GPR18/ITK/PLA2G2D/EOMES/LY9/SASH3/CD28/IL23R/IL12RB1/DOCK2/RUNX3/CD3E/RASAL3/IL6",19
"GO:0070665","positive regulation of leukocyte proliferation","19/509","139/18670",7.74495570792955e-09,7.37848707199337e-07,6.38088905436352e-07,"FCRL3/IL21/TNFSF9/CARD11/CLECL1/CORO1A/SASH3/TMIGD2/CCDC88B/CD28/IL23R/IL12RB1/CD40LG/CD3E/CD6/RASAL3/HHLA2/IL6/TAC1",19
"GO:0002449","lymphocyte mediated immunity","31/509","352/18670",1.06107979873988e-08,9.86804212828091e-07,8.53384730364984e-07,"AICDA/CD19/FCER2/SLAMF6/IGLL5/IL21/POU2F2/C17orf99/TNF/CR2/BTK/GAPT/IL7R/NCR3/CORO1A/SLAMF7/CD1A/SASH3/CD27/WAS/CD28/IGLL1/IL23R/AIRE/IL12RB1/CD40LG/CCR6/KLRC4-KLRK1/VAV1/INPP5D/IL6",31
"GO:0032609","interferon-gamma production","17/509","113/18670",1.10086952331545e-08,9.99999153039573e-07,8.64795667152825e-07,"SLAMF6/IL21/NR1H4/TNF/HMHB1/IFNL1/IRF8/ITK/TXK/EOMES/SASH3/IL23R/IL12RB1/KLRC4-KLRK1/CD3E/CD2/CCR7",17
"GO:0032729","positive regulation of interferon-gamma production","13/509","65/18670",1.77558962099418e-08,1.57623933172801e-06,1.36312609898811e-06,"SLAMF6/IL21/TNF/HMHB1/IFNL1/IRF8/TXK/SASH3/IL23R/IL12RB1/KLRC4-KLRK1/CD3E/CD2",13
"GO:0045619","regulation of lymphocyte differentiation","20/509","169/18670",3.80584970075141e-08,3.30347754025223e-06,2.8568354829734e-06,"IRF4/FCRL3/MYB/CTLA4/CAMK4/IFNL1/TNFSF9/BTK/IKZF3/CARD11/IL7R/TESPA1/SASH3/CD27/CD28/IL23R/IL12RB1/RUNX3/CD2/INPP5D",20
"GO:0050853","B cell receptor signaling pathway","17/509","129/18670",8.24728565053232e-08,7.00302125021288e-06,6.05618756351447e-06,"PAX5/BLK/STAP1/CD79A/CD19/FCRL3/CD79B/MS4A1/IGLL5/PRKCB/CTLA4/BTK/KLHL6/ITK/LCK/IGLL1/LAT2",17
"GO:0032649","regulation of interferon-gamma production","15/509","101/18670",9.60587590406773e-08,7.81678151693511e-06,6.75992451231433e-06,"SLAMF6/IL21/NR1H4/TNF/HMHB1/IFNL1/IRF8/TXK/SASH3/IL23R/IL12RB1/KLRC4-KLRK1/CD3E/CD2/CCR7",15
"GO:0046632","alpha-beta T cell differentiation","15/509","101/18670",9.60587590406773e-08,7.81678151693511e-06,6.75992451231433e-06,"IRF4/SLAMF6/MYB/FUT7/TNFSF8/GPR18/ITK/PLA2G2D/EOMES/LY9/SASH3/IL23R/IL12RB1/RUNX3/IL6",15
"GO:0050854","regulation of antigen receptor-mediated signaling pathway","12/509","65/18670",1.60455261966073e-07,1.27027740485615e-05,1.09853132621429e-05,"PAX5/BLK/STAP1/CD19/FCRL3/PRKCB/KCNN4/TESPA1/UBASH3A/TRAT1/LCK/CCR7",12
"GO:0002708","positive regulation of lymphocyte mediated immunity","15/509","105/18670",1.62605914600121e-07,1.27027740485615e-05,1.09853132621429e-05,"FCER2/SLAMF6/IL21/C17orf99/TNF/BTK/NCR3/CD1A/SASH3/CD28/IL23R/IL12RB1/KLRC4-KLRK1/VAV1/IL6",15
"GO:0050852","T cell receptor signaling pathway","21/509","202/18670",1.66011787904947e-07,1.27145498736612e-05,1.09954969532915e-05,"BTN1A1/CTLA4/KCNN4/HLA-DQA2/BTK/CARD11/ITK/TXK/TESPA1/UBASH3A/TRAT1/WAS/LCK/CD28/CD247/PSMA8/CD3E/CD3G/INPP5D/CCR7/HHLA2",21
"GO:0043368","positive T cell selection","9/509","34/18670",2.21569354910797e-07,1.66432673131072e-05,1.43930376499747e-05,"IRF4/SLAMF6/LY9/IL23R/IL12RB1/DOCK2/CD3E/CD3G/IL6",9
"GO:0002460","adaptive immune response based on somatic recombination of immune receptors built from immunoglobulin superfamily domains","29/509","361/18670",2.30484033703665e-07,1.69862384084248e-05,1.46896378183726e-05,"AICDA/CD19/IRF4/FCER2/SLAMF6/IGLL5/CXCL13/POU2F2/C17orf99/TNF/CR2/BTK/GAPT/KLHL6/IL7R/LY9/CD1A/SASH3/CD27/WAS/CD28/IGLL1/IL23R/AIRE/IL12RB1/CD40LG/CCR6/INPP5D/IL6",29
"GO:0072540","T-helper 17 cell lineage commitment","6/509","12/18670",3.20469045630921e-07,2.31805943006366e-05,2.00464944918056e-05,"IRF4/SLAMF6/LY9/IL23R/IL12RB1/IL6",6
"GO:1903706","regulation of hemopoiesis","34/509","475/18670",3.27807760707917e-07,2.32803111513659e-05,2.01327292652958e-05,"CSF2/MIXL1/IRF4/IL17A/FCRL3/PRKCB/TNFSF11/MYB/H3C12/CTLA4/GPR55/TNF/CAMK4/IFNL1/POU4F1/TNFSF9/BTK/IKZF3/CARD11/GPR171/IL7R/EVI2B/TESPA1/SASH3/CD27/CD28/IL23R/PSMA8/IL12RB1/RUNX3/CD2/INPP5D/FSHB/ADIPOQ",34
"GO:0002377","immunoglobulin production","20/509","193/18670",3.44051677014903e-07,2.39976044717895e-05,2.07530419462561e-05,"AICDA/VPREB1/VPREB3/FCRL3/POLQ/LAX1/POU2F2/C17orf99/TNF/MZB1/BTK/GAPT/CARD11/IL7R/SASH3/TMIGD2/CD28/CD40LG/CCR6/IL6",20
"GO:0002285","lymphocyte activation involved in immune response","19/509","181/18670",5.53295724869163e-07,3.791531756735e-05,3.27890301219787e-05,"AICDA/CD19/CD180/IRF4/SLAMF6/MYB/C17orf99/IFNL1/GAPT/CORO1A/EOMES/LY9/CD28/IL23R/IL12RB1/CD40LG/CCR6/ITGAL/IL6",19
"GO:0002706","regulation of lymphocyte mediated immunity","17/509","149/18670",6.75031836538508e-07,4.54599026468864e-05,3.93135601352463e-05,"FCER2/SLAMF6/IL21/C17orf99/TNF/BTK/IL7R/NCR3/CD1A/SASH3/WAS/CD28/IL23R/IL12RB1/KLRC4-KLRK1/VAV1/IL6",17
"GO:0007204","positive regulation of cytosolic calcium ion concentration","26/509","319/18670",7.40878078633488e-07,4.90486402566509e-05,4.24170874992839e-05,"NMU/CD19/P2RX5/CXCR5/MS4A1/CXCL13/ADCY8/GPR55/CCR4/LPAR3/GPR18/P2RY10/CD52/CORO1A/CXCR4/LCK/CCR9/MCOLN2/GPR174/CCR6/FASLG/CCL1/CXCR3/CCR7/TAC1/CALCA",26
"GO:0045061","thymic T cell selection","7/509","21/18670",8.96451869078223e-07,5.83590166769923e-05,5.04686675065266e-05,"CARD11/CD28/AIRE/DOCK2/CD3E/CD3G/CCR7",7
"GO:0002440","production of molecular mediator of immune response","24/509","286/18670",1.18014062561798e-06,7.55676931748171e-05,6.53506689837465e-05,"AICDA/VPREB1/VPREB3/FCRL3/POLQ/LAX1/POU2F2/C17orf99/TNF/MZB1/BTK/GAPT/CARD11/IL7R/SASH3/TMIGD2/CD28/CD40LG/CCR6/TRIL/KLK5/KLK7/IL6/CHGA",24
"GO:0045580","regulation of T cell differentiation","16/509","139/18670",1.27345568922223e-06,8.02277084210004e-05,6.93806333907323e-05,"IRF4/MYB/CTLA4/CAMK4/IFNL1/TNFSF9/CARD11/IL7R/TESPA1/SASH3/CD27/CD28/IL23R/IL12RB1/RUNX3/CD2",16
"GO:0071219","cellular response to molecule of bacterial origin","20/509","212/18670",1.53232571297666e-06,9.50041942045528e-05,8.21592850951061e-05,"AICDA/STAP1/CSF2/CD180/CXCL13/NR1H4/TNF/CARD17/STAR/IL24/IRF8/TLR6/KMO/NLRP7/LY86/KLRC4-KLRK1/CD6/IL36B/DEFA4/IL6",20
"GO:1902107","positive regulation of leukocyte differentiation","16/509","144/18670",2.04310424740762e-06,0.000123161648652809,0.000106509750323892,"IL17A/TNFSF11/MYB/TNF/POU4F1/TNFSF9/BTK/IL7R/EVI2B/TESPA1/SASH3/CD27/IL23R/IL12RB1/RUNX3/INPP5D",16
"GO:0002699","positive regulation of immune effector process","20/509","216/18670",2.04954100420702e-06,0.000123161648652809,0.000106509750323892,"FCER2/SLAMF6/MYB/IL21/C17orf99/TNF/MZB1/BTK/NCR3/CD1A/CD84/SASH3/CD28/IL23R/IL12RB1/KLRC4-KLRK1/VAV1/KLK5/KLK7/IL6",20
"GO:0031343","positive regulation of cell killing","11/509","68/18670",2.08988658991694e-06,0.000123683288185084,0.000106960862313293,"CD5L/STAP1/FCER2/SLAMF6/IL21/NCR3/CD1A/IL23R/IL12RB1/KLRC4-KLRK1/VAV1",11
"GO:0071216","cellular response to biotic stimulus","21/509","236/18670",2.16799257868702e-06,0.000126390731527634,0.000109302249568054,"AICDA/STAP1/CSF2/CD180/CXCL13/NR1H4/TNF/BTK/CARD17/STAR/IL24/IRF8/TLR6/KMO/NLRP7/LY86/KLRC4-KLRK1/CD6/IL36B/DEFA4/IL6",21
"GO:1990868","response to chemokine","13/509","97/18670",2.27664945321628e-06,0.000128878156003809,0.00011145336529933,"CXCR5/CXCL13/XCL2/CCR4/CCL22/CXCR4/CCR9/RIPOR2/CCR6/CCL1/CXCR3/CCR7/CCL7",13
"GO:1990869","cellular response to chemokine","13/509","97/18670",2.27664945321628e-06,0.000128878156003809,0.00011145336529933,"CXCR5/CXCL13/XCL2/CCR4/CCL22/CXCR4/CCR9/RIPOR2/CCR6/CCL1/CXCR3/CCR7/CCL7",13
"GO:0050857","positive regulation of antigen receptor-mediated signaling pathway","7/509","24/18670",2.48519764686123e-06,0.000138674028694857,0.000119924800733499,"STAP1/PRKCB/KCNN4/TESPA1/TRAT1/LCK/CCR7",7
"GO:0002295","T-helper cell lineage commitment","6/509","16/18670",2.53033441440925e-06,0.000139204031305388,0.000120383145082866,"IRF4/SLAMF6/LY9/IL23R/IL12RB1/IL6",6
"GO:0007059","chromosome segregation","25/509","321/18670",2.752874672798e-06,0.000149343450999291,0.000129151678728198,"AURKB/DLGAP5/HJURP/NCAPG/SKA3/MKI67/KIF18B/BUB1/NEK2/BIRC5/SKA1/TOP2A/CENPF/BRIP1/SPC25/ESCO2/SGO1/NUSAP1/NUF2/CDCA2/BUB1B/KIF4A/MEI1/NDC80/CDCA5",25
"GO:0033077","T cell differentiation in thymus","11/509","70/18670",2.8083842668636e-06,0.00015026779378588,0.000129951047042037,"CAMK4/CARD11/IL7R/TESPA1/CD28/AIRE/DOCK2/CCR6/CD3E/CD3G/CCR7",11
"GO:0002237","response to molecule of bacterial origin","26/509","343/18670",2.87017273041498e-06,0.000151498576824336,0.000131015423782385,"AICDA/STAP1/CSF2/CD180/MIR142/CNR2/CXCL13/NR1H4/TNF/CARD17/STAR/IL24/IRF8/TLR6/KMO/NLRP7/LY86/IL23R/KLRC4-KLRK1/FASLG/CD6/CCR7/IL36B/DEFA4/IL6/TAC1",26
"GO:0030183","B cell differentiation","15/509","131/18670",2.91433635212163e-06,0.000151778637218495,0.000131257619002924,"AICDA/CD79A/CD19/FCRL3/CD79B/MS4A1/POU2F2/C17orf99/CR2/BTK/IKZF3/CARD11/CD27/CD40LG/INPP5D",15
"GO:0002697","regulation of immune effector process","31/509","458/18670",3.5012693869998e-06,0.000178846382843978,0.000154665707965161,"CD5L/CD19/IRF4/FCER2/AIM2/FCRL3/SLAMF6/MYB/IL21/C17orf99/TNF/CR2/IFNL1/MZB1/BTK/IL7R/NCR3/CD1A/CD84/SASH3/WAS/CD28/IL23R/IL12RB1/CD40LG/KLRC4-KLRK1/VAV1/TRIL/KLK5/KLK7/IL6",31
"GO:0002705","positive regulation of leukocyte mediated immunity","15/509","133/18670",3.52564553993504e-06,0.000178846382843978,0.000154665707965161,"FCER2/SLAMF6/IL21/C17orf99/TNF/BTK/NCR3/CD1A/SASH3/CD28/IL23R/IL12RB1/KLRC4-KLRK1/VAV1/IL6",15
"GO:0001906","cell killing","17/509","168/18670",3.60440226709349e-06,0.000179378830387507,0.000155126166683782,"CD5L/STAP1/FCER2/SLAMF6/IL21/H2BC11/IL7R/NCR3/CORO1A/SLAMF7/CD1A/IL23R/IL12RB1/KLRC4-KLRK1/VAV1/DEFA4/CHGA",17
"GO:0071222","cellular response to lipopolysaccharide","19/509","205/18670",3.62798965709499e-06,0.000179378830387507,0.000155126166683782,"AICDA/STAP1/CSF2/CD180/CXCL13/NR1H4/TNF/CARD17/STAR/IL24/IRF8/KMO/NLRP7/LY86/KLRC4-KLRK1/CD6/IL36B/DEFA4/IL6",19
"GO:0140014","mitotic nuclear division","22/509","264/18670",3.67671077748588e-06,0.000179515403710748,0.000155244274802003,"MYBL2/AURKB/DLGAP5/NCAPG/MKI67/KIF18B/BUB1/NEK2/EPGN/UBE2C/BIRC5/CENPF/CDC25C/SGO1/NUSAP1/NUF2/BUB1B/KIF4A/CD28/PKMYT1/NDC80/CDCA5",22
"GO:0032740","positive regulation of interleukin-17 production","6/509","17/18670",3.82059510216547e-06,0.000181990786208028,0.000157384976673286,"SLAMF6/IL21/LY9/IL23R/CCL1/IL6",6
"GO:0043373","CD4-positive, alpha-beta T cell lineage commitment","6/509","17/18670",3.82059510216547e-06,0.000181990786208028,0.000157384976673286,"IRF4/SLAMF6/LY9/IL23R/IL12RB1/IL6",6
"GO:0032496","response to lipopolysaccharide","25/509","330/18670",4.49677783242474e-06,0.000210959257241563,0.000182436806125037,"AICDA/STAP1/CSF2/CD180/MIR142/CNR2/CXCL13/NR1H4/TNF/CARD17/STAR/IL24/IRF8/KMO/NLRP7/LY86/IL23R/KLRC4-KLRK1/FASLG/CD6/CCR7/IL36B/DEFA4/IL6/TAC1",25
"GO:0050729","positive regulation of inflammatory response","16/509","153/18670",4.53675822024867e-06,0.000210959257241563,0.000182436806125037,"STAP1/MIR142/IL17A/TLR10/TNFSF11/IL21/TNF/BTK/TLR6/CD28/CCL1/CD6/CCR7/MMP8/IL6/TAC1",16
"GO:0070098","chemokine-mediated signaling pathway","12/509","88/18670",4.63495542855239e-06,0.000212989834163831,0.000184192841736528,"CXCR5/CXCL13/XCL2/CCR4/CCL22/CXCR4/CCR9/CCR6/CCL1/CXCR3/CCR7/CCL7",12
"GO:0043367","CD4-positive, alpha-beta T cell differentiation","11/509","74/18670",4.9174935215531e-06,0.000223345694130075,0.000193148552150109,"IRF4/SLAMF6/MYB/FUT7/PLA2G2D/LY9/SASH3/IL23R/IL12RB1/RUNX3/IL6",11
"GO:0097529","myeloid leukocyte migration","19/509","210/18670",5.16565551225322e-06,0.000231920119894955,0.000200563684680225,"STAP1/IL17A/TNFSF11/CXCL13/XCL2/CCL22/RIPOR2/MCOLN2/CCL1/VAV1/CCR7/SCG2/IL36B/CCL7/THBS4/IL6/CYP19A1/CHGA/CALCA",19
"GO:0030888","regulation of B cell proliferation","10/509","61/18670",5.3765352669458e-06,0.00023864484946239,0.000206379206598434,"TNFRSF13B/FCRL3/IL21/CTLA4/MZB1/BTK/IKZF3/CARD11/SASH3/INPP5D",10
"GO:0006959","humoral immune response","26/509","356/18670",5.63680551493762e-06,0.000247386093722993,0.000213938603163038,"PAX5/CD5L/CD19/POU2AF1/FCER2/MS4A1/IGLL5/CXCL13/POU2F2/TNF/CR2/H2BC11/DEFB1/PDCD1/CD28/IGLL1/AIRE/JCHAIN/CCR6/REG3A/CCR7/KLK5/KLK7/DEFA4/IL6/CHGA",26
"GO:0051480","regulation of cytosolic calcium ion concentration","26/509","357/18670",5.92782791523779e-06,0.000255660047923347,0.000221093888965968,"NMU/CD19/P2RX5/CXCR5/MS4A1/CXCL13/ADCY8/GPR55/CCR4/LPAR3/GPR18/P2RY10/CD52/CORO1A/CXCR4/LCK/CCR9/MCOLN2/GPR174/CCR6/FASLG/CCL1/CXCR3/CCR7/TAC1/CALCA",26
"GO:0045060","negative thymic T cell selection","5/509","11/18670",5.95623767563352e-06,0.000255660047923347,0.000221093888965968,"CD28/AIRE/DOCK2/CD3E/CCR7",5
"GO:0002363","alpha-beta T cell lineage commitment","6/509","19/18670",7.99540942908344e-06,0.00033945727423913,0.000293561428580421,"IRF4/SLAMF6/LY9/IL23R/IL12RB1/IL6",6
"GO:0043383","negative T cell selection","5/509","12/18670",9.98178669706396e-06,0.000419235041276686,0.000362552954282719,"CD28/AIRE/DOCK2/CD3E/CCR7",5
"GO:0002703","regulation of leukocyte mediated immunity","18/509","201/18670",1.05026832896637e-05,0.000436420009887516,0.000377414453264623,"FCER2/SLAMF6/IL21/C17orf99/TNF/BTK/IL7R/NCR3/CD1A/CD84/SASH3/WAS/CD28/IL23R/IL12RB1/KLRC4-KLRK1/VAV1/IL6",18
"GO:0043369","CD4-positive or CD8-positive, alpha-beta T cell lineage commitment","6/509","20/18670",1.11597392210074e-05,0.000458841488392157,0.000396804467149172,"IRF4/SLAMF6/LY9/IL23R/IL12RB1/IL6",6
"GO:0002683","negative regulation of immune system process","30/509","463/18670",1.18100746693992e-05,0.000480522413111181,0.000415554052786208,"STAP1/TNFRSF13B/MIXL1/IRF4/FCRL3/HLA-DOB/LAX1/CNR2/CTLA4/GPR55/TNF/IFNL1/BTK/GPR18/GPR171/IL7R/TLR6/PLA2G2D/TIGIT/CD84/NLRP6/PLA2G2F/UBASH3A/PDCD1/RIPOR2/RUNX3/KLRC4-KLRK1/INPP5D/ADIPOQ/CYP19A1",30
"GO:0002688","regulation of leukocyte chemotaxis","13/509","114/18670",1.38945800089028e-05,0.000559507520770868,0.000483860089512414,"STAP1/CXCL13/XCL2/GPR18/RIPOR2/CCR6/KLRC4-KLRK1/CCL1/CCR7/CCL7/THBS4/IL6/CYP19A1",13
"GO:0031341","regulation of cell killing","12/509","98/18670",1.43282747947236e-05,0.000571084095389697,0.000493871469562492,"CD5L/STAP1/FCER2/SLAMF6/IL21/IL7R/NCR3/CD1A/IL23R/IL12RB1/KLRC4-KLRK1/VAV1",12
"GO:0055074","calcium ion homeostasis","30/509","471/18670",1.6396705902124e-05,0.000646924578320166,0.000559458046144774,"NMU/CD19/P2RX5/CXCR5/MS4A1/PRKCB/TNFSF11/CXCL13/ADCY8/TRPM8/GPR55/CCR4/LPAR3/GPR18/P2RY10/CD52/CORO1A/CXCR4/LCK/CCR9/MCOLN2/GPR174/CCR6/FASLG/CCL1/CXCR3/CCR7/CCL7/TAC1/CALCA",30
"GO:0001912","positive regulation of leukocyte mediated cytotoxicity","9/509","56/18670",1.8784746926147e-05,0.000733732214935303,0.000634528977747429,"STAP1/SLAMF6/IL21/NCR3/CD1A/IL23R/IL12RB1/KLRC4-KLRK1/VAV1",9
"GO:0050862","positive regulation of T cell receptor signaling pathway","5/509","14/18670",2.41141666090104e-05,0.000932573611631628,0.000806486301702076,"KCNN4/TESPA1/TRAT1/LCK/CCR7",5
"GO:0032633","interleukin-4 production","7/509","33/18670",2.47967399552941e-05,0.000949569277111557,0.000821184092017945,"IRF4/CLECL1/ITK/SASH3/CD28/CD40LG/CD3E",7
"GO:0006874","cellular calcium ion homeostasis","29/509","458/18670",2.52627185354166e-05,0.000958021151449877,0.000828493242515605,"NMU/CD19/P2RX5/CXCR5/MS4A1/PRKCB/CXCL13/ADCY8/TRPM8/GPR55/CCR4/LPAR3/GPR18/P2RY10/CD52/CORO1A/CXCR4/LCK/CCR9/MCOLN2/GPR174/CCR6/FASLG/CCL1/CXCR3/CCR7/CCL7/TAC1/CALCA",29
"GO:0050727","regulation of inflammatory response","30/509","485/18670",2.84838772200973e-05,0.0010697886963625,0.000925149412948303,"CD5L/STAP1/CD19/MIR142/IL17A/TLR10/PBK/MIR205/IL22RA2/TNFSF11/CNR2/IL21/NR1H4/TNF/CR2/BTK/TLR6/NLRP7/NLRP6/CD28/SIGLEC10/CCL1/CD6/CCR7/MMP8/IL6/ADIPOQ/CYP19A1/MMP3/TAC1",30
"GO:0001909","leukocyte mediated cytotoxicity","12/509","107/18670",3.50353436417861e-05,0.00130331478347444,0.00112710193229566,"STAP1/SLAMF6/IL21/IL7R/NCR3/CORO1A/SLAMF7/CD1A/IL23R/IL12RB1/KLRC4-KLRK1/VAV1",12
"GO:0072503","cellular divalent inorganic cation homeostasis","30/509","493/18670",3.85863060015153e-05,0.00142186897398036,0.00122962716940281,"NMU/CD19/P2RX5/CXCR5/MS4A1/PRKCB/CXCL13/ADCY8/TRPM8/GPR55/CCR4/LPAR3/GPR18/P2RY10/CD52/MT1HL1/CORO1A/CXCR4/LCK/CCR9/MCOLN2/GPR174/CCR6/FASLG/CCL1/CXCR3/CCR7/CCL7/TAC1/CALCA",30
"GO:0035710","CD4-positive, alpha-beta T cell activation","11/509","92/18670",4.06868553100856e-05,0.00148526034431023,0.00128444779822986,"IRF4/SLAMF6/MYB/FUT7/PLA2G2D/LY9/SASH3/IL23R/IL12RB1/RUNX3/IL6",11
"GO:0007088","regulation of mitotic nuclear division","15/509","164/18670",4.4296804518723e-05,0.00160206776342715,0.00138546243372887,"AURKB/DLGAP5/MKI67/BUB1/NEK2/EPGN/UBE2C/CENPF/CDC25C/NUSAP1/BUB1B/CD28/PKMYT1/NDC80/CDCA5",15
"GO:0050864","regulation of B cell activation","16/509","184/18670",4.61320715557667e-05,0.00165313643575069,0.00142962643768668,"TNFRSF13B/CD19/FCRL3/IGLL5/IL21/CTLA4/MZB1/BTK/IKZF3/CARD11/SASH3/CD27/CD28/IGLL1/INPP5D/IL6",16
"GO:1903708","positive regulation of hemopoiesis","16/509","185/18670",4.92567899626063e-05,0.00172452184899568,0.00149136028604499,"IL17A/TNFSF11/MYB/TNF/POU4F1/TNFSF9/BTK/IL7R/EVI2B/TESPA1/SASH3/CD27/IL23R/IL12RB1/RUNX3/INPP5D",16
"GO:0001910","regulation of leukocyte mediated cytotoxicity","10/509","78/18670",4.95996217938603e-05,0.00172452184899568,0.00149136028604499,"STAP1/SLAMF6/IL21/IL7R/NCR3/CD1A/IL23R/IL12RB1/KLRC4-KLRK1/VAV1",10
"GO:0045621","positive regulation of lymphocyte differentiation","11/509","94/18670",4.97658232884063e-05,0.00172452184899568,0.00149136028604499,"MYB/TNFSF9/BTK/IL7R/TESPA1/SASH3/CD27/IL23R/IL12RB1/RUNX3/INPP5D",11
"GO:0034612","response to tumor necrosis factor","22/509","312/18670",4.98901610180522e-05,0.00172452184899568,0.00149136028604499,"TCL1A/TNFRSF13B/MIR142/AIM2/EDAR/TNFSF11/TNFRSF17/NR1H4/TNF/XCL2/HMHB1/TNFSF8/TNFSF9/CCL22/H2BC11/LTB/CD27/PSMA8/CD40LG/CCL1/CCL7/ADIPOQ",22
"GO:0072676","lymphocyte migration","12/509","111/18670",5.05194782650757e-05,0.00173095686055601,0.00149692526087376,"GPR15/CXCL13/XCL2/CCL22/RIPOR2/AIRE/CCR6/KLRC4-KLRK1/CCL1/CXCR3/CCR7/CCL7",12
"GO:0071356","cellular response to tumor necrosis factor","21/509","291/18670",5.27968996412444e-05,0.00179325817390174,0.00155080321234557,"TCL1A/TNFRSF13B/AIM2/EDAR/TNFSF11/TNFRSF17/NR1H4/TNF/XCL2/HMHB1/TNFSF8/TNFSF9/CCL22/H2BC11/LTB/CD27/PSMA8/CD40LG/CCL1/CCL7/ADIPOQ",21
"GO:0033209","tumor necrosis factor-mediated signaling pathway","15/509","167/18670",5.46249044401169e-05,0.00183935238571635,0.00159066532076529,"TNFRSF13B/AIM2/EDAR/TNFSF11/TNFRSF17/NR1H4/TNF/TNFSF8/TNFSF9/H2BC11/LTB/CD27/PSMA8/CD40LG/ADIPOQ",15
"GO:0045670","regulation of osteoclast differentiation","9/509","64/18670",5.63009106924127e-05,0.00187739214299564,0.00162356196590213,"IL17A/TNFSF11/GPR55/TNF/CAMK4/POU4F1/IL23R/INPP5D/FSHB",9
"GO:0000280","nuclear division","26/509","407/18670",5.69192924384499e-05,0.00187739214299564,0.00162356196590213,"MYBL2/AURKB/DLGAP5/NCAPG/MKI67/ASPM/KIF18B/BUB1/NEK2/EPGN/UBE2C/BIRC5/TOP2A/CENPF/BRIP1/CDC25C/SGO1/NUSAP1/NUF2/BUB1B/KIF4A/MEI1/CD28/PKMYT1/NDC80/CDCA5",26
"GO:0002360","T cell lineage commitment","6/509","26/18670",5.76771779722164e-05,0.00187739214299564,0.00162356196590213,"IRF4/SLAMF6/LY9/IL23R/IL12RB1/IL6",6
"GO:0072539","T-helper 17 cell differentiation","6/509","26/18670",5.76771779722164e-05,0.00187739214299564,0.00162356196590213,"IRF4/SLAMF6/LY9/IL23R/IL12RB1/IL6",6
"GO:0000819","sister chromatid segregation","16/509","189/18670",6.37006274229767e-05,0.00205631942738964,0.00177829763723647,"AURKB/DLGAP5/NCAPG/KIF18B/BUB1/NEK2/TOP2A/CENPF/ESCO2/SGO1/NUSAP1/NUF2/BUB1B/KIF4A/NDC80/CDCA5",16
"GO:0032620","interleukin-17 production","7/509","38/18670",6.51078866712383e-05,0.00208451971588407,0.00180268514519416,"SLAMF6/IL21/NR1H4/LY9/IL23R/CCL1/IL6",7
"GO:0000070","mitotic sister chromatid segregation","14/509","151/18670",6.81551784628854e-05,0.00216434249655309,0.00187171559852289,"AURKB/DLGAP5/NCAPG/KIF18B/BUB1/NEK2/CENPF/SGO1/NUSAP1/NUF2/BUB1B/KIF4A/NDC80/CDCA5",14
"GO:0042108","positive regulation of cytokine biosynthetic process","9/509","67/18670",8.13145004681657e-05,0.00256140676474722,0.00221509534806743,"IRF4/IL21/TNF/CARD11/LTB/TLR6/CD28/CD3E/IL6",9
"GO:0050921","positive regulation of chemotaxis","13/509","135/18670",8.35159015018106e-05,0.00260970489012858,0.00225686339300472,"CXCL13/XCL2/CCR4/CXCR4/RIPOR2/CCR6/CCL1/CCR7/SCG2/CCL7/THBS4/FGF16/IL6",13
"GO:0006968","cellular defense response","8/509","53/18670",8.70383246322296e-05,0.00269818806359912,0.00233338332284732,"CD5L/KIR3DL2/FCMR/ITK/NCF1/TRAT1/CCR9/CCR6",8
"GO:0007200","phospholipase C-activating G protein-coupled receptor signaling pathway","11/509","100/18670",8.81645446964751e-05,0.00271158040617663,0.00234496497249058,"GPR55/LPAR3/GPR18/P2RY10/GNG13/GPR174/NTSR2/TRHR/CHGA/GRP/CALCA",11
"GO:0045577","regulation of B cell differentiation","6/509","28/18670",9.01116900294582e-05,0.00274981454105518,0.00237802971467542,"FCRL3/BTK/IKZF3/CARD11/CD27/INPP5D",6
"GO:0002292","T cell differentiation involved in immune response","9/509","68/18670",9.14887439244129e-05,0.00277019406022292,0.00239565384947728,"IRF4/SLAMF6/MYB/IFNL1/EOMES/LY9/IL23R/IL12RB1/IL6",9
"GO:0051782","negative regulation of cell division","5/509","18/18670",9.4278910816764e-05,0.00281109485229221,0.00243102470719964,"AURKB/E2F8/ASPM/E2F7/BLM",5
"GO:0150078","positive regulation of neuroinflammatory response","5/509","18/18670",9.4278910816764e-05,0.00281109485229221,0.00243102470719964,"STAP1/MIR142/TNF/MMP8/IL6",5
"GO:0002685","regulation of leukocyte migration","16/509","196/18670",9.80774594394757e-05,0.00290220118614085,0.0025098131366928,"STAP1/CXCL13/TNF/XCL2/GPR18/RIPOR2/AIRE/CCR6/KLRC4-KLRK1/CCL1/CXCR3/CCR7/CCL7/THBS4/IL6/CYP19A1",16
"GO:0050920","regulation of chemotaxis","17/509","217/18670",9.97082375885533e-05,0.00292827350391646,0.00253236038323441,"STAP1/CXCL13/XCL2/CCR4/GPR18/CXCR4/RIPOR2/CCR6/KLRC4-KLRK1/CCL1/CCR7/SCG2/CCL7/THBS4/FGF16/IL6/CYP19A1",17
"GO:0019722","calcium-mediated signaling","17/509","218/18670",0.000105476899549122,0.00307457290775276,0.00265887958093583,"P2RX5/CXCR5/TNFSF11/TNF/CCR4/BTK/DEFB1/CXCR4/NR5A1/TRAT1/CCR9/LAT2/CCR6/CD3E/CXCR3/CALML3/CCR7",17
"GO:0050663","cytokine secretion","18/509","240/18670",0.00010973978946417,0.00316533183202785,0.00273736757188061,"IL17A/TLR10/AIM2/NR1H4/TNF/HMHB1/MIR155/CARD17/CARD11/CLECL1/IL26/TLR6/NLRP7/MCOLN2/CCL1/CD2/CCR7/MMP8",18
"GO:0050855","regulation of B cell receptor signaling pathway","6/509","29/18670",0.000111021623396778,0.00316533183202785,0.00273736757188061,"PAX5/BLK/STAP1/CD19/FCRL3/PRKCB",6
"GO:0072538","T-helper 17 type immune response","6/509","29/18670",0.000111021623396778,0.00316533183202785,0.00273736757188061,"IRF4/SLAMF6/LY9/IL23R/IL12RB1/IL6",6
"GO:0002922","positive regulation of humoral immune response","5/509","19/18670",0.000125094447026649,0.00353866429693555,0.00306022414338701,"FCER2/TNF/CCR7/KLK5/KLK7",5
"GO:0071887","leukocyte apoptotic process","11/509","104/18670",0.000125927889727097,0.00353866429693555,0.00306022414338701,"AURKB/LGALS13/BTK/IL7R/CD27/PDCD1/FASLG/CD3G/CCR7/IL6/SLC7A11",11
"GO:0002381","immunoglobulin production involved in immunoglobulin mediated immune response","8/509","56/18670",0.000129870917828982,0.00360520291279801,0.00311776649881931,"AICDA/POU2F2/C17orf99/BTK/GAPT/CD28/CD40LG/CCR6",8
"GO:0097530","granulocyte migration","13/509","141/18670",0.000130141733411295,0.00360520291279801,0.00311776649881931,"IL17A/CXCL13/XCL2/CCL22/RIPOR2/MCOLN2/CCL1/VAV1/CCR7/SCG2/IL36B/CCL7/THBS4",13
"GO:0031424","keratinization","17/509","224/18670",0.000146645716292967,0.00403378991436851,0.00348840699469333,"KRT5/KRTAP29-1/KRT72/KRTAP16-1/KRT73/KRTAP3-1/LCE2D/KRT74/KRT33A/KRTAP4-8/KRTAP10-11/KRTAP11-1/LCE5A/KRTAP2-4/KRT36/KRTAP1-3/KLK5",17
"GO:0048872","homeostasis of number of cells","18/509","246/18670",0.000149752715771183,0.00409044830630939,0.00353740496805099,"TNFRSF13B/TNFRSF17/CCR4/IKZF1/CCNB2/GAPT/CARD11/IL7R/SIT1/CORO1A/ALAS2/SASH3/GPR174/AHSP/INPP5D/CCR7/IL6/SLC7A11",18
"GO:0002675","positive regulation of acute inflammatory response","6/509","31/18670",0.000164311209864369,0.00442620403951878,0.00382776531727593,"TNFSF11/TNF/BTK/CCR7/IL6/TAC1",6
"GO:0051482","positive regulation of cytosolic calcium ion concentration involved in phospholipase C-activating G protein-coupled signaling pathway","6/509","31/18670",0.000164311209864369,0.00442620403951878,0.00382776531727593,"GPR55/LPAR3/GPR18/P2RY10/GPR174/CALCA",6
"GO:0051783","regulation of nuclear division","15/509","188/18670",0.000206513531073718,0.00552494419434208,0.00477795184726432,"AURKB/DLGAP5/MKI67/BUB1/NEK2/EPGN/UBE2C/CENPF/CDC25C/NUSAP1/BUB1B/CD28/PKMYT1/NDC80/CDCA5",15
"GO:0002863","positive regulation of inflammatory response to antigenic stimulus","4/509","12/18670",0.000227050549870473,0.00603305746798687,0.00521736637690189,"TNF/BTK/CD28/CCR7",4
"GO:0002287","alpha-beta T cell activation involved in immune response","8/509","61/18670",0.000239032866277942,0.00626619044081639,0.00541897893243318,"IRF4/SLAMF6/MYB/EOMES/LY9/IL23R/IL12RB1/IL6",8
"GO:0002293","alpha-beta T cell differentiation involved in immune response","8/509","61/18670",0.000239032866277942,0.00626619044081639,0.00541897893243318,"IRF4/SLAMF6/MYB/EOMES/LY9/IL23R/IL12RB1/IL6",8
"GO:0048305","immunoglobulin secretion","5/509","22/18670",0.000264778631058657,0.00689483555276744,0.00596262896187531,"LAX1/POU2F2/TNF/CD40LG/IL6",5
"GO:0046635","positive regulation of alpha-beta T cell activation","8/509","62/18670",0.000267997702685055,0.00693244388534984,0.00599515251248757,"MYB/SASH3/CD28/IL23R/IL12RB1/RUNX3/CD3E/RASAL3",8
"GO:0048285","organelle fission","26/509","449/18670",0.000274027933201849,0.00704179675714752,0.00608972048230426,"MYBL2/AURKB/DLGAP5/NCAPG/MKI67/ASPM/KIF18B/BUB1/NEK2/EPGN/UBE2C/BIRC5/TOP2A/CENPF/BRIP1/CDC25C/SGO1/NUSAP1/NUF2/BUB1B/KIF4A/MEI1/CD28/PKMYT1/NDC80/CDCA5",26
"GO:0032660","regulation of interleukin-17 production","6/509","34/18670",0.000280056446148678,0.00714967633108977,0.00618301434944002,"SLAMF6/IL21/LY9/IL23R/CCL1/IL6",6
"GO:0042035","regulation of cytokine biosynthetic process","11/509","114/18670",0.000284694949352249,0.00722089916993431,0.00624460760404215,"IRF4/IGF2BP1/IL21/TNF/CARD11/LTB/TLR6/CD28/CD3E/INPP5D/IL6",11
"GO:0002637","regulation of immunoglobulin production","8/509","63/18670",0.00029976987316409,0.00755420080373507,0.00653284565693422,"FCRL3/C17orf99/TNF/MZB1/SASH3/CD28/CD40LG/IL6",8
"GO:0045086","positive regulation of interleukin-2 biosynthetic process","4/509","13/18670",0.000320914349917803,0.00803520160755729,0.00694881342028494,"IRF4/CARD11/CD28/CD3E",4
"GO:0098813","nuclear chromosome segregation","18/509","262/18670",0.000324926043334884,0.00808382882335069,0.00699086606142571,"AURKB/DLGAP5/NCAPG/KIF18B/BUB1/NEK2/TOP2A/CENPF/BRIP1/ESCO2/SGO1/NUSAP1/NUF2/BUB1B/KIF4A/MEI1/NDC80/CDCA5",18
"GO:0032753","positive regulation of interleukin-4 production","5/509","23/18670",0.000330797734308865,0.00816268294398374,0.00705905882104288,"IRF4/SASH3/CD28/CD40LG/CD3E",5
"GO:0016064","immunoglobulin mediated immune response","16/509","218/18670",0.000332275112159092,0.00816268294398374,0.00705905882104288,"AICDA/CD19/FCER2/IGLL5/POU2F2/C17orf99/TNF/CR2/BTK/GAPT/CD27/CD28/IGLL1/CD40LG/CCR6/INPP5D",16
"GO:0002761","regulation of myeloid leukocyte differentiation","11/509","117/18670",0.000356840076431412,0.00871135836588185,0.00753355135045001,"IL17A/TNFSF11/GPR55/TNF/CAMK4/POU4F1/EVI2B/IL23R/INPP5D/FSHB/ADIPOQ",11
"GO:1990266","neutrophil migration","11/509","118/18670",0.000384063674409488,0.00931771870958671,0.00805792959254689,"CXCL13/XCL2/CCL22/RIPOR2/MCOLN2/CCL1/VAV1/CCR7/IL36B/CCL7/THBS4",11
"GO:0019724","B cell mediated immunity","16/509","221/18670",0.000386838754940395,0.00932711220245174,0.00806605305135625,"AICDA/CD19/FCER2/IGLL5/POU2F2/C17orf99/TNF/CR2/BTK/GAPT/CD27/CD28/IGLL1/CD40LG/CCR6/INPP5D",16
"GO:0002824","positive regulation of adaptive immune response based on somatic recombination of immune receptors built from immunoglobulin superfamily domains","10/509","100/18670",0.000400348906014429,0.00959363697479974,0.00829654271488732,"FCER2/C17orf99/TNF/BTK/CD1A/SASH3/CD28/IL23R/IL12RB1/IL6",10
"GO:0002861","regulation of inflammatory response to antigenic stimulus","5/509","24/18670",0.000408555538093236,0.00967162382904353,0.00836398546565356,"TNF/BTK/NLRP6/CD28/CCR7",5
"GO:0042104","positive regulation of activated T cell proliferation","5/509","24/18670",0.000408555538093236,0.00967162382904353,0.00836398546565356,"TNFSF9/TMIGD2/IL23R/IL12RB1/HHLA2",5
"GO:0045582","positive regulation of T cell differentiation","9/509","83/18670",0.000425576956863535,0.00995391373358664,0.0086081087587462,"MYB/TNFSF9/IL7R/TESPA1/SASH3/CD27/IL23R/IL12RB1/RUNX3",9
"GO:2000106","regulation of leukocyte apoptotic process","9/509","83/18670",0.000425576956863535,0.00995391373358664,0.0086081087587462,"AURKB/LGALS13/BTK/IL7R/CD27/PDCD1/CD3G/CCR7/SLC7A11",9
"GO:0002700","regulation of production of molecular mediator of immune response","12/509","139/18670",0.000429640479454144,0.00998914114730886,0.00863857329930044,"FCRL3/C17orf99/TNF/MZB1/BTK/SASH3/CD28/CD40LG/TRIL/KLK5/KLK7/IL6",12
"GO:0043374","CD8-positive, alpha-beta T cell differentiation","4/509","14/18670",0.000439634423241319,0.010161018089826,0.0087872118603637,"TNFSF8/GPR18/EOMES/RUNX3",4
"GO:0002819","regulation of adaptive immune response","13/509","160/18670",0.000452210543241471,0.0103902022464776,0.00898540949388161,"FCER2/C17orf99/TNF/BTK/IL7R/CD1A/SASH3/WAS/CD28/IL23R/CD48/IL12RB1/IL6",13
"GO:0019932","second-messenger-mediated signaling","25/509","439/18670",0.000457106314366489,0.0104137383161857,0.00900576340222595,"MC4R/P2RX5/CXCR5/TNFSF11/ADCY8/TNF/CCR4/ADGRG5/BTK/DEFB1/CXCR4/GCGR/NR5A1/TRAT1/CCR9/LAT2/CCR6/CD3E/CXCR3/CALML3/CCR7/HTR5A/CHGA/RXFP2/CALCA",25
"GO:0046330","positive regulation of JNK cascade","12/509","140/18670",0.000458567073831013,0.0104137383161857,0.00900576340222595,"EDAR/TNFSF11/WNT7A/TNF/TLR6/MAP4K1/NCF1/CD27/CD40LG/CCR7/IL36B/MMP8",12
"GO:0032653","regulation of interleukin-10 production","7/509","52/18670",0.00049679803654351,0.0111453303455431,0.00963844155519117,"IRF4/TIGIT/SASH3/CD28/IL23R/CD40LG/MMP8",7
"GO:0002507","tolerance induction","5/509","25/18670",0.000499342757416807,0.0111453303455431,0.00963844155519117,"CCR4/ICOS/PDCD1/AIRE/CD3E",5
"GO:0045672","positive regulation of osteoclast differentiation","5/509","25/18670",0.000499342757416807,0.0111453303455431,0.00963844155519117,"IL17A/TNFSF11/TNF/POU4F1/IL23R",5
"GO:0042089","cytokine biosynthetic process","11/509","123/18670",0.000547758133220848,0.0119591751471632,0.0103422516094663,"IRF4/IGF2BP1/IL21/TNF/CARD11/LTB/TLR6/CD28/CD3E/INPP5D/IL6",11
"GO:0071621","granulocyte chemotaxis","11/509","123/18670",0.000547758133220848,0.0119591751471632,0.0103422516094663,"CXCL13/XCL2/CCL22/RIPOR2/CCL1/VAV1/CCR7/SCG2/IL36B/CCL7/THBS4",11
"GO:0007218","neuropeptide signaling pathway","10/509","104/18670",0.000548052317291912,0.0119591751471632,0.0103422516094663,"NMU/PROKR2/PNOC/KISS1R/GLRA3/PPY/NXPH2/NTSR2/TAC1/GRP",10
"GO:0030593","neutrophil chemotaxis","10/509","104/18670",0.000548052317291912,0.0119591751471632,0.0103422516094663,"CXCL13/XCL2/CCL22/RIPOR2/CCL1/VAV1/CCR7/IL36B/CCL7/THBS4",10
"GO:0001776","leukocyte homeostasis","9/509","86/18670",0.000554100056868923,0.0120239712340556,0.0103982870321191,"TNFRSF13B/TNFRSF17/CCNB2/GAPT/SIT1/CORO1A/GPR174/IL6/SLC7A11",9
"GO:0070228","regulation of lymphocyte apoptotic process","7/509","53/18670",0.000559152775312619,0.0120460412145898,0.0104173730718243,"AURKB/LGALS13/BTK/IL7R/CD27/PDCD1/CD3G",7
"GO:0070227","lymphocyte apoptotic process","8/509","69/18670",0.000561285074514935,0.0120460412145898,0.0104173730718243,"AURKB/LGALS13/BTK/IL7R/CD27/PDCD1/FASLG/CD3G",8
"GO:0042107","cytokine metabolic process","11/509","124/18670",0.000586647439264114,0.0125215568183914,0.0108285972539462,"IRF4/IGF2BP1/IL21/TNF/CARD11/LTB/TLR6/CD28/CD3E/INPP5D/IL6",11
"GO:0002821","positive regulation of adaptive immune response","10/509","105/18670",0.000591292207032713,0.0125521052210314,0.0108550154025628,"FCER2/C17orf99/TNF/BTK/CD1A/SASH3/CD28/IL23R/IL12RB1/IL6",10
"GO:0002690","positive regulation of leukocyte chemotaxis","9/509","87/18670",0.000603409327793277,0.0125919199951862,0.0108894470759028,"CXCL13/XCL2/RIPOR2/CCR6/CCL1/CCR7/CCL7/THBS4/IL6",9
"GO:0002251","organ or tissue specific immune response","6/509","39/18670",0.000605495429359618,0.0125919199951862,0.0108894470759028,"C17orf99/H2BC11/DEFB1/DEFA4/IL6/IFNL2",6
"GO:0050856","regulation of T cell receptor signaling pathway","6/509","39/18670",0.000605495429359618,0.0125919199951862,0.0108894470759028,"KCNN4/TESPA1/UBASH3A/TRAT1/LCK/CCR7",6
"GO:0007093","mitotic cell cycle checkpoint","13/509","165/18670",0.000606062713541989,0.0125919199951862,0.0108894470759028,"AURKB/E2F8/BUB1/GML/TOP2A/CENPF/GTSE1/CDC25C/BUB1B/E2F7/CLSPN/BLM/NDC80",13
"GO:0002822","regulation of adaptive immune response based on somatic recombination of immune receptors built from immunoglobulin superfamily domains","12/509","145/18670",0.000629035581810915,0.0130000686907589,0.011242412598336,"FCER2/C17orf99/TNF/BTK/IL7R/CD1A/SASH3/WAS/CD28/IL23R/IL12RB1/IL6",12
"GO:0002286","T cell activation involved in immune response","10/509","106/18670",0.0006373146529693,0.0131018475499899,0.0113304305893545,"IRF4/SLAMF6/MYB/IFNL1/EOMES/LY9/IL23R/IL12RB1/ITGAL/IL6",10
"GO:0050707","regulation of cytokine secretion","15/509","210/18670",0.000670028738798883,0.0137022631086306,0.0118496678027314,"IL17A/TLR10/AIM2/NR1H4/TNF/HMHB1/MIR155/CARD17/IL26/TLR6/NLRP7/CCL1/CD2/CCR7/MMP8",15
"GO:0045124","regulation of bone resorption","6/509","40/18670",0.000696154921419586,0.0141624016826297,0.0122475939848435,"MC4R/TNFSF11/INPP5D/FSHB/IL6/CALCA",6
"GO:0032613","interleukin-10 production","7/509","55/18670",0.000702467336031333,0.0142167741685927,0.0122946151149416,"IRF4/TIGIT/SASH3/CD28/IL23R/CD40LG/MMP8",7
"GO:0051302","regulation of cell division","13/509","168/18670",0.000718021414405625,0.0144566579622081,0.0125020657559829,"AURKB/FSD1/E2F8/CXCR5/ASPM/KIF18B/KIF20A/EVI2B/E2F7/BLM/TP63/PROK1/THBS4",13
"GO:0032673","regulation of interleukin-4 production","5/509","27/18670",0.00072541983133987,0.0145307172369925,0.0125661119501735,"IRF4/SASH3/CD28/CD40LG/CD3E",5
"GO:0030216","keratinocyte differentiation","19/509","305/18670",0.000750487621413841,0.0149561461696044,0.0129340213593825,"KRT5/KRTAP29-1/KRT72/KRTAP16-1/KRT73/KRTAP3-1/LCE2D/KRT74/KRT33A/KRTAP4-8/KRTAP10-11/KRTAP11-1/LCE5A/KRTAP2-4/REG3A/KRT36/TP63/KRTAP1-3/KLK5",19
"GO:0030889","negative regulation of B cell proliferation","4/509","16/18670",0.000765428370910253,0.015176463029317,0.0131245505864334,"TNFRSF13B/CTLA4/BTK/INPP5D",4
"GO:0042742","defense response to bacterium","20/509","330/18670",0.000775410730699222,0.0152967389601574,0.0132285647783828,"AICDA/IGLL5/CXCL13/NR1H4/TNF/TNFSF8/H2BC11/DEFB1/IRF8/TLR6/IGLL1/IL23R/JCHAIN/KLRC4-KLRK1/KLK5/KLK7/DEFA4/VGF/IL6/CHGA",20
"GO:0150077","regulation of neuroinflammatory response","6/509","41/18670",0.000796968332205325,0.0156430065607739,0.0135280157526945,"STAP1/MIR142/TNF/MMP8/IL6/MMP3",6
"GO:0002312","B cell activation involved in immune response","8/509","73/18670",0.000820745892764097,0.0160291672856828,0.0138619661572631,"AICDA/CD19/CD180/C17orf99/GAPT/CD28/CD40LG/CCR6",8
"GO:0001773","myeloid dendritic cell activation","5/509","28/18670",0.000863530296842132,0.0167808424849023,0.0145120121632176,"CSF2/IRF4/CAMK4/DOCK2/CD2",5
"GO:0032874","positive regulation of stress-activated MAPK cascade","13/509","172/18670",0.000893959647031733,0.0172861702044849,0.0149490177557313,"EDAR/TNFSF11/WNT7A/TNF/IL26/TLR6/MAP4K1/NCF1/CD27/CD40LG/CCR7/IL36B/MMP8",13
"GO:1904894","positive regulation of STAT cascade","9/509","92/18670",0.000906786828959598,0.0174478293296364,0.015088819985125,"CSF2/IL21/TNF/IFNL1/IL7R/IL24/IL26/IL23R/IL6",9
"GO:1902850","microtubule cytoskeleton organization involved in mitosis","11/509","131/18670",0.000928539577257338,0.0177788019057214,0.01537504387729,"MYBL2/AURKB/FSD1/NEK2/BIRC5/CENPA/SPC25/NUSAP1/NUF2/KIF4A/NDC80",11
"GO:0070304","positive regulation of stress-activated protein kinase signaling cascade","13/509","173/18670",0.000943188236756911,0.0179711865988902,0.0155414174672808,"EDAR/TNFSF11/WNT7A/TNF/IL26/TLR6/MAP4K1/NCF1/CD27/CD40LG/CCR7/IL36B/MMP8",13
"GO:0042093","T-helper cell differentiation","7/509","58/18670",0.00097035661962335,0.0183990920206253,0.015911468535367,"IRF4/SLAMF6/MYB/LY9/IL23R/IL12RB1/IL6",7
"GO:0046634","regulation of alpha-beta T cell activation","9/509","93/18670",0.000980227587047569,0.0184498840446688,0.0159553932948884,"IRF4/MYB/SASH3/CD28/IL23R/IL12RB1/RUNX3/CD3E/RASAL3",9
"GO:0150076","neuroinflammatory response","8/509","75/18670",0.000982482304478012,0.0184498840446688,0.0159553932948884,"STAP1/MIR142/ADCY8/TNF/TLR6/MMP8/IL6/MMP3",8
"GO:0002695","negative regulation of leukocyte activation","13/509","175/18670",0.00104847743727058,0.0195949898085114,0.0169456766366219,"TNFRSF13B/LAX1/CNR2/CTLA4/IFNL1/BTK/PLA2G2D/TIGIT/CD84/PLA2G2F/RIPOR2/RUNX3/INPP5D",13
"GO:0051897","positive regulation of protein kinase B signaling","13/509","176/18670",0.00110469944682821,0.0205474097110047,0.0177693259392066,"CD19/TNFSF11/EPGN/TNF/IL26/ICOS/TRAT1/LCK/CD28/PIK3R5/VAV1/CCR7/FGF16",13
"GO:0002294","CD4-positive, alpha-beta T cell differentiation involved in immune response","7/509","60/18670",0.00118953768627004,0.021852469636757,0.018897937064261,"IRF4/SLAMF6/MYB/LY9/IL23R/IL12RB1/IL6",7
"GO:0042267","natural killer cell mediated cytotoxicity","7/509","60/18670",0.00118953768627004,0.021852469636757,0.018897937064261,"SLAMF6/IL21/NCR3/CORO1A/SLAMF7/KLRC4-KLRK1/VAV1",7
"GO:0032743","positive regulation of interleukin-2 production","5/509","30/18670",0.00119724232008858,0.021852469636757,0.018897937064261,"IRF4/CARD11/SASH3/CD28/CD3E",5
"GO:0045954","positive regulation of natural killer cell mediated cytotoxicity","5/509","30/18670",0.00119724232008858,0.021852469636757,0.018897937064261,"SLAMF6/IL21/NCR3/KLRC4-KLRK1/VAV1",5
"GO:0043588","skin development","23/509","419/18670",0.00124379650312379,0.0225966006567513,0.0195414588911836,"KRT5/KRTAP29-1/KRT72/KRTAP16-1/EDAR/ASCL4/KRT73/KRTAP3-1/TNF/LCE2D/KRT74/KRT33A/LTB/KRTAP4-8/KRTAP10-11/KRTAP11-1/LCE5A/KRTAP2-4/REG3A/KRT36/TP63/KRTAP1-3/KLK5",23
"GO:0030316","osteoclast differentiation","9/509","97/18670",0.00132375129441609,0.0239378359073577,0.0207013543069261,"IL17A/TNFSF11/GPR55/TNF/CAMK4/POU4F1/IL23R/INPP5D/FSHB",9
"GO:0002791","regulation of peptide secretion","26/509","500/18670",0.00134291534901714,0.0241724762823085,0.0209042704583847,"NMU/BLK/IL17A/TLR10/AIM2/TNFSF11/ADCY8/KCNN4/NR1H4/TNF/HMHB1/MIR155/CARD17/IL26/TLR6/NLRP7/CD40LG/CCL1/CD2/CCR7/ABCC8/MMP8/SYT4/IL6/CHGA/GRP",26
"GO:0002260","lymphocyte homeostasis","7/509","62/18670",0.00144571991040193,0.0256680998637725,0.0221976803467933,"TNFRSF13B/TNFRSF17/CCNB2/GAPT/SIT1/CORO1A/GPR174",7
"GO:0032623","interleukin-2 production","7/509","62/18670",0.00144571991040193,0.0256680998637725,0.0221976803467933,"IRF4/NR1H4/CARD11/SASH3/CD28/CD247/CD3E",7
"GO:0045453","bone resorption","7/509","62/18670",0.00144571991040193,0.0256680998637725,0.0221976803467933,"MC4R/TNFSF11/GPR55/INPP5D/FSHB/IL6/CALCA",7
"GO:0002573","myeloid leukocyte differentiation","14/509","204/18670",0.00146735900753847,0.0259283874861607,0.0224227761454954,"CSF2/IRF4/IL17A/TNFSF11/GPR55/TNF/CAMK4/POU4F1/EVI2B/IL23R/INPP5D/CCR7/FSHB/ADIPOQ",14
"GO:0002437","inflammatory response to antigenic stimulus","6/509","46/18670",0.00148029452365946,0.0259283874861607,0.0224227761454954,"TNF/BTK/NLRP6/CD28/CD6/CCR7",6
"GO:0019731","antibacterial humoral response","6/509","46/18670",0.00148029452365946,0.0259283874861607,0.0224227761454954,"H2BC11/DEFB1/JCHAIN/KLK5/KLK7/DEFA4",6
"GO:1903532","positive regulation of secretion by cell","22/509","399/18670",0.00148796151634191,0.0259463289412121,0.0224382918512274,"NMU/BLK/IL17A/AIM2/TNFSF11/MYB/ADCY8/KCNN4/NR1H4/TNF/HMHB1/IL26/KMO/NLRP7/CCL1/CD2/MMP8/SYT4/IL6/CYP19A1/TAC1/GRP",22
"GO:0002689","negative regulation of leukocyte chemotaxis","4/509","19/18670",0.00152773222609135,0.0264040799783753,0.0228341533000799,"STAP1/GPR18/KLRC4-KLRK1/CYP19A1",4
"GO:0045076","regulation of interleukin-2 biosynthetic process","4/509","19/18670",0.00152773222609135,0.0264040799783753,0.0228341533000799,"IRF4/CARD11/CD28/CD3E",4
"GO:2000401","regulation of lymphocyte migration","7/509","63/18670",0.00158896366505666,0.0273413747828693,0.0236447224723711,"CXCL13/XCL2/RIPOR2/AIRE/CCR6/KLRC4-KLRK1/CCL7",7
"GO:0008608","attachment of spindle microtubules to kinetochore","5/509","32/18670",0.00161778475417207,0.0277152072359479,0.0239680114318476,"AURKB/NEK2/SGO1/NUF2/NDC80",5
"GO:0043370","regulation of CD4-positive, alpha-beta T cell differentiation","6/509","47/18670",0.00165849610278305,0.0282885841810942,0.0244638657496244,"IRF4/MYB/SASH3/IL23R/IL12RB1/RUNX3",6
"GO:0002228","natural killer cell mediated immunity","7/509","64/18670",0.00174301432436853,0.0294727876665951,0.0254879606602807,"SLAMF6/IL21/NCR3/CORO1A/SLAMF7/KLRC4-KLRK1/VAV1",7
"GO:0048247","lymphocyte chemotaxis","7/509","64/18670",0.00174301432436853,0.0294727876665951,0.0254879606602807,"CXCL13/XCL2/CCL22/KLRC4-KLRK1/CCL1/CXCR3/CCL7",7
"GO:0050871","positive regulation of B cell activation","11/509","142/18670",0.00178698593685822,0.0300860649541733,0.0260183206505355,"FCRL3/IGLL5/IL21/BTK/CARD11/SASH3/CD27/CD28/IGLL1/INPP5D/IL6",11
"GO:0001774","microglial cell activation","6/509","48/18670",0.00185252600544414,0.0307913471372971,0.0266282461432038,"STAP1/MIR142/TNF/TLR6/MMP8/IL6",6
"GO:0002269","leukocyte activation involved in inflammatory response","6/509","48/18670",0.00185252600544414,0.0307913471372971,0.0266282461432038,"STAP1/MIR142/TNF/TLR6/MMP8/IL6",6
"GO:0046850","regulation of bone remodeling","6/509","48/18670",0.00185252600544414,0.0307913471372971,0.0266282461432038,"MC4R/TNFSF11/INPP5D/FSHB/IL6/CALCA",6
"GO:0002717","positive regulation of natural killer cell mediated immunity","5/509","33/18670",0.00186452906416004,0.0308013169577164,0.0266368680080071,"SLAMF6/IL21/NCR3/KLRC4-KLRK1/VAV1",5
"GO:1903978","regulation of microglial cell activation","4/509","20/18670",0.00186889711187373,0.0308013169577164,0.0266368680080071,"STAP1/MIR142/MMP8/IL6",4
"GO:0042509","regulation of tyrosine phosphorylation of STAT protein","8/509","83/18670",0.00190140095638932,0.0310594528040146,0.0268601029584938,"CSF2/IL22RA2/IL21/TNF/IFNL1/IL24/IL23R/IL6",8
"GO:0002548","monocyte chemotaxis","7/509","65/18670",0.00190841491883346,0.0310594528040146,0.0268601029584938,"TNFSF11/XCL2/CCL22/CCL1/CCL7/IL6/CALCA",7
"GO:0072678","T cell migration","7/509","65/18670",0.00190841491883346,0.0310594528040146,0.0268601029584938,"GPR15/CXCL13/XCL2/RIPOR2/AIRE/CCR6/CXCR3",7
"GO:0051983","regulation of chromosome segregation","9/509","103/18670",0.00201469116975604,0.0326530444359631,0.0282382352642373,"AURKB/DLGAP5/MKI67/BUB1/NEK2/CENPF/BUB1B/NDC80/CDCA5",9
"GO:0009913","epidermal cell differentiation","20/509","358/18670",0.00205903739314298,0.0332338845356053,0.0287405436911519,"KRT5/KRTAP29-1/KRT72/KRTAP16-1/KRT73/KRTAP3-1/LCE2D/KRT74/KRT33A/KRTAP4-8/RIPOR2/KRTAP10-11/KRTAP11-1/LCE5A/KRTAP2-4/REG3A/KRT36/TP63/KRTAP1-3/KLK5",20
"GO:0001768","establishment of T cell polarity","3/509","10/18670",0.00209518348079621,0.0334032109224082,0.0288869765408165,"RIPOR2/DOCK2/CCR7",3
"GO:0043379","memory T cell differentiation","3/509","10/18670",0.00209518348079621,0.0334032109224082,0.0288869765408165,"IFNL1/IL23R/IL12RB1",3
"GO:0090715","immunological memory formation process","3/509","10/18670",0.00209518348079621,0.0334032109224082,0.0288869765408165,"IFNL1/IL23R/IL12RB1",3
"GO:0007094","mitotic spindle assembly checkpoint","5/509","34/18670",0.00213771399829993,0.0335337786239338,0.0289998910190001,"AURKB/BUB1/CENPF/BUB1B/NDC80",5
"GO:0031577","spindle checkpoint","5/509","34/18670",0.00213771399829993,0.0335337786239338,0.0289998910190001,"AURKB/BUB1/CENPF/BUB1B/NDC80",5
"GO:0071173","spindle assembly checkpoint","5/509","34/18670",0.00213771399829993,0.0335337786239338,0.0289998910190001,"AURKB/BUB1/CENPF/BUB1B/NDC80",5
"GO:0071174","mitotic spindle checkpoint","5/509","34/18670",0.00213771399829993,0.0335337786239338,0.0289998910190001,"AURKB/BUB1/CENPF/BUB1B/NDC80",5
"GO:0008544","epidermis development","24/509","464/18670",0.00217157782744827,0.0339287319760518,0.0293414452559221,"KRT5/KRTAP29-1/KRT72/KRTAP16-1/EDAR/KRT73/KRTAP3-1/TNF/LCE2D/KRT74/KRT33A/KRTAP4-8/WAS/RIPOR2/KRTAP10-11/KRTAP11-1/LCE5A/KRTAP2-4/REG3A/KRT36/TP63/KRTAP1-3/KLK5/KLK7",24
"GO:0051250","negative regulation of lymphocyte activation","11/509","146/18670",0.00222667121868524,0.034650907490775,0.0299659800409349,"TNFRSF13B/LAX1/CTLA4/IFNL1/BTK/PLA2G2D/TIGIT/PLA2G2F/RIPOR2/RUNX3/INPP5D",11
"GO:0035590","purinergic nucleotide receptor signaling pathway","4/509","21/18670",0.00225939935773534,0.0347449365799774,0.0300472960587348,"GPR87/P2RX5/GPR171/P2RY10",4
"GO:0048245","eosinophil chemotaxis","4/509","21/18670",0.00225939935773534,0.0347449365799774,0.0300472960587348,"CCL22/CCL1/SCG2/CCL7",4
"GO:0051383","kinetochore organization","4/509","21/18670",0.00225939935773534,0.0347449365799774,0.0300472960587348,"CENPA/CENPF/NUF2/NDC80",4
"GO:0007260","tyrosine phosphorylation of STAT protein","8/509","86/18670",0.00238316890089725,0.0365045401055085,0.0315689948523396,"CSF2/IL22RA2/IL21/TNF/IFNL1/IL24/IL23R/IL6",8
"GO:0050731","positive regulation of peptidyl-tyrosine phosphorylation","13/509","192/18670",0.00240616581814773,0.0367128268972071,0.0317491205198851,"STAP1/CSF2/IL21/EPGN/TNF/IFNL1/IL24/NCF1/IL23R/CD3E/THBS4/IL6/ADIPOQ",13
"GO:0018108","peptidyl-tyrosine phosphorylation","20/509","363/18670",0.00241712908672038,0.0367366000495323,0.031769679456423,"BLK/STAP1/CSF2/MELK/IL22RA2/IL21/EPGN/TNF/IFNL1/BTK/IL24/ITK/TXK/NCF1/LCK/IL23R/CD3E/THBS4/IL6/ADIPOQ",20
"GO:0032735","positive regulation of interleukin-12 production","5/509","35/18670",0.00243895037534442,0.0369245742871911,0.0319322389003682,"IRF8/LTB/IL23R/CD40LG/CCR7",5
"GO:0007052","mitotic spindle organization","9/509","106/18670",0.00245438519935092,0.0370147821956165,0.03201025037479,"MYBL2/AURKB/FSD1/NEK2/BIRC5/SPC25/NUF2/KIF4A/NDC80",9
"GO:0002793","positive regulation of peptide secretion","17/509","288/18670",0.00246795692462214,0.0370763067214387,0.0320634565632082,"NMU/BLK/IL17A/AIM2/TNFSF11/ADCY8/KCNN4/NR1H4/TNF/HMHB1/IL26/NLRP7/CCL1/CD2/MMP8/IL6/GRP",17
"GO:0000075","cell cycle checkpoint","14/509","216/18670",0.0024967973379927,0.0373658636099598,0.032313864317881,"AURKB/E2F8/BUB1/GML/TOP2A/CENPF/BRIP1/GTSE1/CDC25C/BUB1B/E2F7/CLSPN/BLM/NDC80",14
"GO:0030071","regulation of mitotic metaphase/anaphase transition","6/509","51/18670",0.00253848423529521,0.0378447306223782,0.0327279867861082,"AURKB/DLGAP5/BUB1/CENPF/BUB1B/NDC80",6
"GO:0018212","peptidyl-tyrosine modification","20/509","366/18670",0.0026561679936308,0.039448639479551,0.0341150413910796,"BLK/STAP1/CSF2/MELK/IL22RA2/IL21/EPGN/TNF/IFNL1/BTK/IL24/ITK/TXK/NCF1/LCK/IL23R/CD3E/THBS4/IL6/ADIPOQ",20
"GO:0002687","positive regulation of leukocyte migration","10/509","128/18670",0.00267304626681876,0.0395489345386139,0.034201776197055,"CXCL13/TNF/XCL2/RIPOR2/CCR6/CCL1/CCR7/CCL7/THBS4/IL6",10
"GO:0042094","interleukin-2 biosynthetic process","4/509","22/18670",0.00270264840810794,0.039739937615536,0.03436695497029,"IRF4/CARD11/CD28/CD3E",4
"GO:0050708","regulation of protein secretion","24/509","472/18670",0.00270630399532324,0.039739937615536,0.03436695497029,"NMU/BLK/IL17A/TLR10/AIM2/ADCY8/KCNN4/NR1H4/TNF/HMHB1/MIR155/CARD17/IL26/TLR6/NLRP7/CD40LG/CCL1/CD2/CCR7/ABCC8/MMP8/SYT4/IL6/CHGA",24
"GO:0034103","regulation of tissue remodeling","8/509","88/18670",0.00275411240431944,0.0400706052673404,0.034652915165035,"MC4R/TNFSF11/IL21/INPP5D/FSHB/THBS4/IL6/CALCA",8
"GO:0002385","mucosal immune response","5/509","36/18670",0.00276985750695901,0.0400706052673404,0.034652915165035,"C17orf99/H2BC11/DEFB1/DEFA4/IFNL2",5
"GO:0032733","positive regulation of interleukin-10 production","5/509","36/18670",0.00276985750695901,0.0400706052673404,0.034652915165035,"IRF4/TIGIT/SASH3/CD28/CD40LG",5
"GO:0045841","negative regulation of mitotic metaphase/anaphase transition","5/509","36/18670",0.00276985750695901,0.0400706052673404,0.034652915165035,"AURKB/BUB1/CENPF/BUB1B/NDC80",5
"GO:0001767","establishment of lymphocyte polarity","3/509","11/18670",0.00282286692529004,0.040094975309756,0.0346739902899742,"RIPOR2/DOCK2/CCR7",3
"GO:0002517","T cell tolerance induction","3/509","11/18670",0.00282286692529004,0.040094975309756,0.0346739902899742,"ICOS/AIRE/CD3E",3
"GO:0031652","positive regulation of heat generation","3/509","11/18670",0.00282286692529004,0.040094975309756,0.0346739902899742,"NMU/TNFSF11/TNF",3
"GO:1902093","positive regulation of flagellated sperm motility","3/509","11/18670",0.00282286692529004,0.040094975309756,0.0346739902899742,"RNASE10/DEFB1/CCR6",3
"GO:1903980","positive regulation of microglial cell activation","3/509","11/18670",0.00282286692529004,0.040094975309756,0.0346739902899742,"STAP1/MIR142/MMP8",3
"GO:0002709","regulation of T cell mediated immunity","7/509","70/18670",0.00292539574307607,0.0414007093204895,0.0358031843612933,"IL7R/CD1A/SASH3/WAS/IL23R/IL12RB1/IL6",7
"GO:0046427","positive regulation of JAK-STAT cascade","8/509","89/18670",0.00295572227018926,0.0416788851529214,0.0360437498196364,"CSF2/IL21/TNF/IFNL1/IL24/IL26/IL23R/IL6",8
"GO:0045840","positive regulation of mitotic nuclear division","6/509","53/18670",0.00309146836765333,0.0429256942640022,0.037121985849889,"DLGAP5/EPGN/UBE2C/NUSAP1/CD28/CDCA5",6
"GO:1902099","regulation of metaphase/anaphase transition of cell cycle","6/509","53/18670",0.00309146836765333,0.0429256942640022,0.037121985849889,"AURKB/DLGAP5/BUB1/CENPF/BUB1B/NDC80",6
"GO:0002714","positive regulation of B cell mediated immunity","5/509","37/18670",0.00313205910528434,0.0429256942640022,0.037121985849889,"FCER2/C17orf99/TNF/BTK/CD28",5
"GO:0002891","positive regulation of immunoglobulin mediated immune response","5/509","37/18670",0.00313205910528434,0.0429256942640022,0.037121985849889,"FCER2/C17orf99/TNF/BTK/CD28",5
"GO:0038083","peptidyl-tyrosine autophosphorylation","5/509","37/18670",0.00313205910528434,0.0429256942640022,0.037121985849889,"BLK/BTK/ITK/TXK/LCK",5
"GO:0045730","respiratory burst","5/509","37/18670",0.00313205910528434,0.0429256942640022,0.037121985849889,"NCF1C/CD52/NCF1/NCF1B/JCHAIN",5
"GO:0046006","regulation of activated T cell proliferation","5/509","37/18670",0.00313205910528434,0.0429256942640022,0.037121985849889,"TNFSF9/TMIGD2/IL23R/IL12RB1/HHLA2",5
"GO:1902100","negative regulation of metaphase/anaphase transition of cell cycle","5/509","37/18670",0.00313205910528434,0.0429256942640022,0.037121985849889,"AURKB/BUB1/CENPF/BUB1B/NDC80",5
"GO:0071674","mononuclear cell migration","8/509","90/18670",0.00316864267233651,0.0431546864789968,0.037320017492953,"TNFSF11/TNF/XCL2/CCL22/CCL1/CCL7/IL6/CALCA",8
"GO:0042531","positive regulation of tyrosine phosphorylation of STAT protein","7/509","71/18670",0.00317086406028471,0.0431546864789968,0.037320017492953,"CSF2/IL21/TNF/IFNL1/IL24/IL23R/IL6",7
"GO:0036037","CD8-positive, alpha-beta T cell activation","4/509","23/18670",0.00320198539206564,0.0434269268798902,0.0375554500114716,"TNFSF8/GPR18/EOMES/RUNX3",4
"GO:0050866","negative regulation of cell activation","13/509","199/18670",0.00327929959247747,0.0443216062568063,0.038329165515426,"TNFRSF13B/LAX1/CNR2/CTLA4/IFNL1/BTK/PLA2G2D/TIGIT/CD84/PLA2G2F/RIPOR2/RUNX3/INPP5D",13
"GO:0002763","positive regulation of myeloid leukocyte differentiation","6/509","54/18670",0.00339945545364772,0.0453183378906075,0.0391911354437059,"IL17A/TNFSF11/TNF/POU4F1/EVI2B/IL23R",6
"GO:0007091","metaphase/anaphase transition of mitotic cell cycle","6/509","54/18670",0.00339945545364772,0.0453183378906075,0.0391911354437059,"AURKB/DLGAP5/BUB1/CENPF/BUB1B/NDC80",6
"GO:0032655","regulation of interleukin-12 production","6/509","54/18670",0.00339945545364772,0.0453183378906075,0.0391911354437059,"IRF8/LTB/TIGIT/IL23R/CD40LG/CCR7",6
"GO:0032663","regulation of interleukin-2 production","6/509","54/18670",0.00339945545364772,0.0453183378906075,0.0391911354437059,"IRF4/NR1H4/CARD11/SASH3/CD28/CD3E",6
"GO:0090068","positive regulation of cell cycle process","17/509","298/18670",0.00349977407356554,0.0464969984059422,0.0402104368137194,"TERT/AURKB/DLGAP5/E2F8/CXCR5/EPGN/GML/UBE2C/POU4F1/GTSE1/CDC25C/NUSAP1/PHOX2B/E2F7/CD28/NDC80/CDCA5",17
"GO:0051047","positive regulation of secretion","22/509","428/18670",0.00351279996572088,0.0465118531054432,0.040223283104365,"NMU/BLK/IL17A/AIM2/TNFSF11/MYB/ADCY8/KCNN4/NR1H4/TNF/HMHB1/IL26/KMO/NLRP7/CCL1/CD2/MMP8/SYT4/IL6/CYP19A1/TAC1/GRP",22
"GO:0045579","positive regulation of B cell differentiation","3/509","12/18670",0.0036881390504299,0.0481801710066193,0.0416660384186923,"BTK/CD27/INPP5D",3
"GO:0048934","peripheral nervous system neuron differentiation","3/509","12/18670",0.0036881390504299,0.0481801710066193,0.0416660384186923,"POU4F1/ISL2/RUNX3",3
"GO:0048935","peripheral nervous system neuron development","3/509","12/18670",0.0036881390504299,0.0481801710066193,0.0416660384186923,"POU4F1/ISL2/RUNX3",3
"GO:0070601","centromeric sister chromatid cohesion","3/509","12/18670",0.0036881390504299,0.0481801710066193,0.0416660384186923,"BUB1/SGO1/BUB1B",3
"GO:0061844","antimicrobial humoral immune response mediated by antimicrobial peptide","7/509","73/18670",0.00370867916671345,0.0482431596420763,0.0417205107638513,"CXCL13/H2BC11/DEFB1/REG3A/KLK5/KLK7/DEFA4",7
"GO:0051260","protein homooligomerization","19/509","351/18670",0.00371766283980158,0.0482431596420763,0.0417205107638513,"TCL1A/CD79A/FSD1/CD79B/POLQ/TNFSF11/KCNG1/ADCY8/TRPM8/GLRA3/PKD2L1/SLC34A1/RIPOR2/CD247/CD3E/CD3G/BLM/TP63/ADIPOQ",19
"GO:0045637","regulation of myeloid cell differentiation","15/509","251/18670",0.00385599304543018,0.0498725458127493,0.0431295980578092,"CSF2/IL17A/PRKCB/TNFSF11/H3C12/GPR55/TNF/CAMK4/POU4F1/GPR171/EVI2B/IL23R/INPP5D/FSHB/ADIPOQ",15
